﻿"NODE","LTEXT","LTEXT_T"
BG,ม่านตาไก่,Pierced
BH,ม่านหลุยส์,Louise
BI,ม่านคอกระเช้า,Loop
BJ,มู่ลี่ไม้,Wooden Blind
BK,มู่ลี่อลูมิเนียม,Venetian Blind
BL,ม่านพับ,Roman Blind
BM,ม่านม้วน,Roller Blind
BN,แผ่นไม้ปูพื้นสนาม,Decking
BO,กล่องเก็บเงิน,Cash Box
BP,เตาอบ,Oven
BQ,ตู้เย็น,Refrigerator
BS,เครื่องล้างจาน,Dishwasher
BT,เครื่องซักผ้า,Washing Machine
BU,ตู้แช่ไวน์,Wine Cabinet
DM,"3D Wall","3D Wall"
CH,ซีรีย์ตู้ผ้าBuilt-In,Built-InWardrobe Set
CI,พื้นล่าง,Base Panel
CW,TV Flip,TV หมุน
CX,Porcelain,Porcelain
DN,PU 3D Panel,PU 3D Panel
"01",**Delete**,
"02",เตียง,
"03",**Delete**,
"04",**Delete**,
"05",เตา,
"06",**Delete**,
"07",เครื่องดูดควัน,
"08",**Delete**,
"09",อุปกรณ์เสริมสำนักงาน,
"10",เก้าอี้สนาม,
"11",**Delete**,
"12",เฟอร์นิเจอร์สนามอื่นๆ,
"13",โต๊ะสนาม,
"14",ที่กั้นห้อง,
"15",เก้าอี้พักผ่อน 1 ที่นั่ง,
"16",เก้าอี้พักผ่อน 2 ที่นั่ง,
"17",เก้าอี้พักผ่อน 3 ที่นั่ง,
"18",ปิดปลอม,
"19",**Delete**,
"20",อ่างล้างจาน,
"21",ท็อปชุดครัว,
"22",วอลล์เปเปอร์,
"23",**Delete**,
"24",สติ๊กเกอร์ติดผนัง,
"25",เก้าอี้สั่งทำ,
"26",เก้าอี้เหล็กเบาะไม้,
"27",เก้าอี้เหล็กเบาะผ้า,
"28",เก้าอี้เหล็กเบาะพลาสติก,
"29",เก้าอี้เหล็กเบาะหนัง,
"30",เก้าอี้เหล็กล้วน,
"31",เก้าอี้ไฟเบอร์กลาส/พลาสติก,Dining Chair/Fiber/Plastic
"32",เก้าอี้ไม้เบาะผ้า,
"33",เก้าอี้ไม้เบาะหนัง,
"34",เก้าอี้ไม้ล้วน,
"35",เก้าอี้สตูลบาร์เหล็กเบาะไม้,
"36",เก้าอี้สตูลบาร์เหล็กเบาะผ้า,
"37",เก้าอี้สตูลบาร์เหล็กเบาะหนัง,
"38",เก้าอี้สตูลบาร์เหล็กล้วน,
"39",เก้าอี้สตูลบาร์ไม้เบาะผ้า,
"40",เก้าอี้สตูลบาร์ไม้เบาะหนัง,
"41",เก้าอี้สตูลบาร์ไม้ล้วน,
"42",เก้าอี้สำนักงาน,
"43",เครื่องแก้วตกแต่ง,
"44",เคาน์เตอร์ครัว,
"45",เคาน์เตอร์บาร์,
"46",เชิงเทียน,
"47",เดย์เบด,
"48",เทียน,
"49",เบาะรองนั่ง,
"50",แจกัน,
"51",โคมไฟแขวน,
"52",โคมไฟตั้งโต๊ะ,
"53",โคมไฟตั้งพื้น,
"54",โคมไฟติดเพดาน,
"55",โคมไฟติดผนัง,
"56",**Delete**,**Delete**
"57",โซฟา 1 ที่นั่ง,
"58",โซฟา 2 ที่นั่ง,
"59",โซฟา 3 ที่นั่ง,
"60",โซฟา 4 ที่นั่ง,
"61",โซฟาสั่งทำ,
"62",โซฟาเข้ามุมขวา,
"63",โซฟาเข้ามุมขวาปรับระดับได้,
"64",โซฟาเข้ามุมซ้าย,
"65",โซฟาเข้ามุมซ้ายปรับระดับได้,
"66",โซฟาเข้ามุมสลับซ้าย/ขวามีCorner,
"67",โซฟาเข้ามุมสลับด้านได้ซ้าย/ขวา,
"68",โซฟาเบด,
"69",โซฟาเบด 1 ที่นั่ง,
"70",ตู้ข้างเตียง,
"71",โต๊ะเครื่องแป้งแบบนั่ง,
"72",โต๊ะเครื่องแป้งแบบยืน,
"73",โต๊ะกลางเหล็กท๊อปไม้,
"74",โต๊ะกลางเหล็กท๊อปกระจก,
"75",โต๊ะกลางเหล็กท๊อปหิน,
"76",โต๊ะกลางเหล็กล้วน,
"77",โต๊ะกลางไม้ท๊อปกระจก,
"78",โต๊ะกลางไม้ท๊อปหิน,
"79",โต๊ะกลางไม้ล้วน,
"80",โต๊ะกลางกระจกล้วน,
"81",โต๊ะกลางหนัง,
"82",โต๊ะกลางหินล้วน,
"83",โต๊ะข้างเหล็กท๊อปไม้,
"84",โต๊ะข้างเหล็กท๊อปกระจก,
"85",โต๊ะข้างเหล็กท๊อปหิน,
"86",โต๊ะข้างเหล็กล้วน,
"87",โต๊ะข้างไฟเบอร์กลาส,
"88",โต๊ะข้างไม้ท๊อปกระจก,
"89",โต๊ะข้างไม้ท๊อปหิน,
"90",โต๊ะข้างไม้ล้วน,
"91",โต๊ะข้างกระจกล้วน,
"92",โต๊ะข้างหนัง,
"93",โต๊ะข้างหินล้วน,
"94",โต๊ะคอมพิวเตอร์,
"95",โต๊ะทำงาน,
"96",โต๊ะบาร์เหล็กล้วน,
"97",โต๊ะบาร์ขาเหล็กท๊อปเหล็ก,
"98",โต๊ะบาร์ขาเหล็กท๊อปไม้,
"99",โต๊ะอาหารสั่งทำ,
A0,โต๊ะอาหารเหล็กล้วน,
A1,โต๊ะอาหารไฟเบอร์กลาส/พลาสติก,Dining Table/Fiber/Plastic
A2,โต๊ะอาหารไม้ล้วน,Dining Table/Wood
A3,โต๊ะอาหารกระจกล้วน,
A4,โต๊ะอาหารขาเหล็กท๊อปไม้,
A5,โต๊ะอาหารขาเหล็กท๊อปกระจก,Dining Table/Steel/Glass Top
A6,โต๊ะอาหารขาเหล็กท๊อปหิน,Dining Table/Steel/Natural Stone Top
A7,โต๊ะอาหารขาไม้ท๊อปกระจก,Dining Table/Wood/Glass Top
A8,โต๊ะอาหารขาไม้ท๊อปหิน,Dining Table/Wood/Natural Stone Top
A9,โต๊ะอาหารขาหินท๊อปกระจก,
AA,อุปกรณ์สำหรับเด็ก,
AB,อุปกรณ์อาบน้ำ,
AC,อุปกรณ์อื่นๆ,
AD,โคมไฟแชงเดอร์เรีย,
AE,**Delete**,
AF,**Delete**,
AG,กล่องใส่กุญแจ,
AH,ที่แขวนเครื่องประดับ,
AI,กล่องทิชชู่,
AJ,ดอกไม้ปลอม,
AK,ต้นไม้ปลอม,
AL,รั้ว,
AM,หญ้าเทียม,
AN,อุปกรณ์ตัดแต่งต้นไม้และดูแลสวน,
AO,สปาและอุปกรณ์,
AP,ที่ทับกระดาษ,
AQ,สติ๊กเกอร์ติดผนัง,
AR,ชุดเครื่องนอนเด็ก,
AS,เตียงสั่งทำ,
AT,ชุดวางทีวีและตู้เก็บของสั่งทำ,
AU,อาร์มแชร์ผ้า,
AV,**Delete**,
AW,อาร์มแชร์หนังแท้ทั้งตัว,
AX,อาร์มแชร์หนังสังเคราะห์,
AY,อาร์มแชร์ไม้,
AZ,อาร์มแชร์เหล็ก,
B0,โต๊ะอาหารหินล้วน,Dining Table/Natural Stone Top
B1,ไซด์บอร์ด,
B2,ไม้รองท็อป,
B3,ไส้หมอนอิง,
B4,กรอบรูป,
B5,กระจกแบบแขวน,
B6,กระจกแบบตั้งโต๊ะ,
B7,กระจกแบบตั้งพื้น,
B8,กระจกแบบติดผนัง,
B9,**Delete**,
BA,**Delete**,
BB,หินควอทซ์,
BC,หินสังเคราะห์,
BD,หินแกรนิต,
C0,**Delete**,
C1,**Delete**,
C2,กล่องแขวน,Hanging Box
C3,กล่องใส่นิตยสาร,
C4,กล่องอเนกประสงค์,
C5,ของใช้บนโต๊ะอาหาร,
C6,คอนโซล,
C7,ชั้นแขวน,
C8,ชั้นวางคีย์บอร์ด,
C9,ชั้นวางซีดี/หนังสือ,
D0,**Delete**,
D1,Stainless Kitchen,
D2,ตู้เตี้ยบานเปิด,
D3,ตู้เตี้ยลิ้นชัก,
D4,ตู้เสื้อผ้าบานเปิด,
D5,ตู้เสื้อผ้าบานเฟี้ยม,
D6,ตู้เสื้อผ้าบานเลื่อน,
D7,ตู้แขวน,
D8,ตู้แขวนทีวี,
D9,ตู้โชว์,
E0,ตู้โชว์+วางทีวี,
E1,ตู้กั้นห้อง/ชั้นกั้นห้อง,
E2,ตู้รองเท้า,
E3,ตู้ลิ้นชักล้อเลื่อน,
E4,ตู้สูง,
E5,ถาดใส่เอกสาร,
E6,ที่นอนสั่งทำ,
E7,ที่นอนเมมโมรี่โฟม,
E8,ที่นอนพ็อคเกตสปริง,
E9,ที่นอนยางพารา,
F0,ที่นอนวิสโคอีลาสติก,
F1,ที่นอนสปริง,
F2,นาฬิกาแขวนผนัง,
F3,นาฬิกาตั้งโต๊ะ,
F4,บอดี้ + หน้าบานชุดครัว,
F5,บอดี้ชุดครัว,
F6,บอดี้ตู้,
F7,ปลอกหมอนอิง,
F8,ผนังตกแต่งไม้,
F9,ผนังตกแต่งกล่องเก็บของ,
G0,ผนังตกแต่งผ้า,
G1,ผนังตกแต่งหนัง,
G2,ผ้าปูโต๊ะ,
G3,ผ้าม่านสั่งทำ,
G4,ผ้าม่านสำเร็จรูป,
G5,ผ้าหุ้มโซฟา,
G6,**Delete**,
G7,พรมห้องน้ำ,
G8,**Delete**,**Delete**
G9,มือจับ,
H0,สตูล,
H1,สตูลสั่งทำ,
H2,สตูล โซฟา,
H3,หน้าบาน,
H4,หน้าบานชุดครัว,
H5,หน้าบานตู้เสื้อผ้าบานเปิด,
H6,หน้าบานตู้เสื้อผ้าบานเลื่อน,
H7,หน้าบานประตู,
H8,หมอนสั่งทำ,
H9,**Delete**,
I0,หมอนหนุนเมมโมรี่โฟม,
I1,หมอนหนุนยางพารา,
I2,หมอนหนุนวิสโคอีลาสติก,
I3,หมอนอิง,
I4,อุปกรณ์ผ้าม่าน,
I5,ตู้เสื้อผ้าเข้ามุมบานเปิด,
I6,**Delete**,
I7,หน้าลิ้นชัก,
I8,โซฟาสนาม,
I9,**Delete**,
J0,ราวแขวน,
J1,พื้นบนตู้ลิ้นชัก,
J2,กล่องบานยก,
J3,กล่องลิ้นชัก,
J4,กล่องโล่ง,
J5,ชั้นโล่ง,
J6,โต๊ะเขียนหนังสือ,Writing Desk
J7,เซรามิคตกแต่ง,
J8,ของตกแต่งอื่น ๆ,
J9,ของตกแต่งเหล็กดัด,
K1,ตะเกียง,
K2,ชุดปลั๊กไฟ,
K3,หนังสือปลอม,
K4,สินค้าเบ็ดเตล็ด,
K5,แผ่นเข้ามุม,
K6,นาฬิกาตั้งพื้น,
K7,ตู้เสื้อผ้าอินโนเวชั่น,
K8,ภาพแขวน,
K9,กล่องใส่เครื่องประดับ,
L1,โถเซรามิค/โถหิน,
L2,ของใช้ในห้องน้ำ,
L3,กล่องใส่นามบัตร,
L4,อุปกรณ์ผ้าใช้ในครัวและบนโต๊ะอาหาร,
L5,ที่คั่นหนังสือ,
L6,Topโต๊ะ,
L7,ขาโต๊ะ,
L8,ตู้เตี้ย,
L9,เก้าอี้พักผ่อนเข้ามุม,
M1,โต๊ะหมู่บูชา,
M2,กระถางต้นไม้,
M3,**Delete**,
M4,ตะขอติดผนัง,
M5,หุ่นจำลอง,
M6,สมุดโน๊ต/อัลบั้มรูป,
M7,เก้าอี้พักผ่อนสั่งทำ,
M8,ที่นอนสปริง+ยางพารา,
M9,ที่นอนพ็อคเก็ตสปริง+ยางพารา,
N1,ที่นอนโฟมสังเคราะห์,
N2,ที่นอนฟองน้ำอัด,
N3,ที่นอนโฟม,
N4,แผ่นรองที่นอน,
N5,ชุดผ้าปูที่นอน,
N6,ชุดผ้าปูที่นอน+ผ้านวม,
N7,ปลอกหมอน,
N8,ผ้านวมเย็บติด,
N9,ปลอกผ้านวม,
O1,ไส้ผ้านวม,
O2,ผ้ารองกันเปื้อน,
O3,หมอนหนุน,
O4,หมอนข้าง,
O5,เตียงไฟฟ้า,
O6,ชิงช้า,
O7,อุปกรณ์เสริมชุดครัว,
O8,**Delete**,
O9,TV ชั้นแขวน IHTV,
P1,TV ตู้แขวนแบบกรอบ IHBTV,
P2,TV ตู้แขวนลิ้นชักลึก30 IHDW,
P3,TV ตู้แขวนลิ้นชักลึก45 IHDW,
P4,TV ตู้พื้น IB,
P5,TV โต๊ะ ITVB,
P6,กล่องแขวน โล่งไม้ IHB,
P7,กล่องแขวน โล่งไม้ IWB,
P8,กล่องแขวน โล่งไม้แนวตั้ง IWB,
P9,กล่องแขวน โล่งเหล็ก ISB,
Q1,ชั้นแขวน มีผนังกระจก ISM,
Q2,ชั้นแขวน มีผนังไม้ IS,
Q3,ชั้นแขวน ลอย IFS,
Q4,ตู้แขวน ชั้นกระจก 60 IHBG,
Q5,ตู้แขวน ชั้นไม้ 60 IHBW,
Q6,ตู้แขวน แนวตั้ง IHBV,
Q7,ตู้แขวน แนวนอนลึก 30 IHBH,
Q8,ตู้แขวน แนวนอนลึก 35 IHBH,
Q9,ตู้พื้น ลิ้นชัก ITVB,
R1,โต๊ะทำงาน IHD,
R2,เปาคา IDWB,
R3,ผนังหลัง กระจก IWM,
R4,ผนังหลัง ซ่อนสายไฟ IWE,
R5,ผนังหลัง ไม้ IW,
R6,พื้นล่าง IBPN,
R7,หน้าโต๊ะ ตู้พื้น IT-B,
R8,หน้าโต๊ะ ตู้ลิ้นชักลึก30 IT,
R9,หน้าโต๊ะ ตู้ลิ้นชักลึก45 IT,
S1,หน้าบาน 60,
S2,หน้าบาน ตู้แขวนแนวตั้ง,
S3,หน้าบาน ตู้แขวนแนวนอน Flap down,
S4,หน้าบาน ตู้แขวนแนวนอน Flap up,
S5,หน้าลิ้นชัก ตู้TVโต๊ะ DW-TVB,
S6,หน้าลิ้นชัก ตู้แขวน 60 DW-60,
S7,หน้าลิ้นชัก ตู้แขวน DW,
S8,หน้าลิ้นชัก ตู้พื้น DW-B,
S9,ตู้แขวน ลิ้นชัก IHDW 60,
T1,กล่องแขวน โล่งไม้ IHB ลึก 15,
T2,กล่องแขวน โล่งไม้ IHB ลึก 30,
T3,ผนังหลัง ไม้ IW 15,
T4,ผนังหลัง ไม้ IW 30,
T5,ผนังหลัง ไม้ IW 60,
T6,ตู้โชว์ ISC,
T7,สายไฟ,
T8,ชุดครัวสแตนเลส,
T9,กริ่งสนทนาเห็นภาพและเสียง,
U1,กล้องตาแมว,
U2,กลอนประตูดิจิตอล,
U3,เก้าอี้นวดไฟฟ้า,
U4,ตู้เซฟ,
U5,โฮมเธียเตอร์,
U6,เครื่องสั่น,
U7,เบาะนวด,
U8,เครื่องนวดเท้า,
U9,เครื่องนวดคอ,
V1,หมอนนวด,
V2,Top หิน,
V3,Top ไม้,
V4,Gadgets,
V5,กระเป๋า,
V6,ถังขยะ,
V7,กล่องและภาชนะเก็บอาหาร,
V8,การ์ด,
V9,ขวดเครื่องปรุง,
W0,ของขวัญ กิ๊ฟช็อป,
W1,ของขวัญสำหรับเด็ก,
W2,ของตกแต่งห้องเด็ก,
W3,ของเล่นเด็ก,
W4,เครื่องแก้วและเหยือกน้ำ,
W5,เครื่องเขียน,
W6,เครื่องใช้ในครัว,
W7,โคมไฟสำหรับเด็ก,
W8,ช้อนส้อมมีด,
W9,**Delete**,
X0,ชาและกาแฟ,
X1,โซฟาสำหรับเด็ก,
X2,ตะกร้า,
X3,ตำราอาหาร,
X4,ผ้าคลุมเตียง,
X5,โป๊ะโคมไฟ,
X6,ผ้าขนหนู,
X7,ผ้าคาดเตียง,
X8,ผ้าเช็ดปาก,
X9,ผ้าสำหรับเด็ก,
Y0,พรมเช็ดเท้า,
Y1,พรมตกแต่ง,
Y2,เฟอร์นิเจอร์เด็ก,
Y3,เฟอร์นิเจอร์และที่เก็บของในห้องน้ำ,
Y4,แฟ้มแขวน,
Y5,ถาดและรถเข็น,
Y6,ภาชนะใส่อาหาร,
Y7,ม่านห้องน้ำ,
Y8,มีดทำครัว,
Y9,ร่ม,
Z0,ลำโพงบลูทูธ,
Z1,สินค้าสำหรับเด็กอื่นๆ,
Z2,หนังสือ,
Z3,หลอดไฟและอุปกรณ์,
Z4,อุปกรณ์ทำขนม,
Z5,อุปกรณ์ทำอาหาร,
Z6,อุปกรณ์ในห้องน้ำ,
Z7,อุปกรณ์บนโต๊ะทำงาน,
Z8,อุปกรณ์บาร์,
Z9,อุปกรณ์พิเศษ,
BF,ม่านจีบ,Pleated
MG,เฟอร์นิเจอร์เป่าลม,Air Furniture
CG,อาร์มแชร์หนังนาโน,Armchair/Nano
CK,ชุดครัว Divani,Kitchen Set Divani
CL,ชุดครัว Domino,Kitchen Set Domino
CM,ชุดครัว Kourmet,Kitchen Set Kourmet
CN,Gate Door,ระบบประตูรั้วอัตโนมัติ
CO,Window Automation,ระบบมอเตอร์สำหรับม่าน
CP,Vertical Awning,กันสาด แนวตั้ง
CQ,Horizontal Awning,กันสาด แนวนอน
CR,Arch Unit,โครงซุ้มทีวี
CS,Bed Head,โครงซุ้มหัวเตียง
CT,Body structure,โครงตู้
CU,Door's Fitting,อุปกรณ์เสริมหน้าบาน
CV,TV Unit,โครงตู้ทีวี
CY,Vacuum Cleaner,เครื่องดูดฝุ่น
DF,ที่นอนพ็อคเกตสปริง+เมมโมรี่โฟม,Mattress Pocket Spring + Memory Foam
DH,ที่นอนโฟมสังเคราะห์+ยางพารา,Mattress Synthetic Foam + Latex
DI,โต๊ะกลางไม้ท๊อปเหล็ก,Coffee Table/Wood/Steel Top
DJ,ชุดครัว Croissant,Kitchen Set Croissant
DB,ผนังตกแต่งกระจก,Mirror decorative wall
BE,อาร์มแชร์หวาย,Armchair/Rattan
BW,ชุดครัว Kuche,Kitchen Set Kuche
BX,ชุดตู้เก็บของหนังสือ,Storage Set
BY,ชุดผนังตกแต่ง,Wall Storage Set
BZ,ชุดวางทีวี Infinity,Infinity TV Set
CA,ชุดวางทีวี Scenario,Scenario TV Set
CB,ซีรีย์ตู้ผ้า WD Plus,Wardrobe Plus Set
CC,ซีรีย์ตู้ผ้า Maxio,Maxio Wardrobe Set
CD,ชุดห้องนอน,Bedroom Set
CE,ชุดห้องนอนเด็ก,"Kids Bedroom Set
"
CF,ชุดวางทีวีสำเร็จรูป,"TV Set
"
CJ,ผนังหลัง,Wall panel
DC,เก้าอี้สตูลบาร์เบาะพลาสติก,Bar Stool/Plas
DK,ที่นอนโฟมออร์แกนิค+ยางพารา,FoamOrganic+Latex Mattress
DL,ที่นอนโฟม + ยางพารา,Foam+Latex Mattress
DG,ที่นอนสปริง+โฟมสังเคราะห์,Mattress Spring + Synthetic Foam
DA,ฟิลม์อาคาร,Building Film
DE,ที่นอนพ็อคเกตสปริง+โฟมสังเคราะห์,Mattress Pocket Spring + Synthetic Foam
