﻿"NODE","LTEXT","LTEXT_T"
"32",SOLUTION,
K6,INSPIRE,
G5,PARKER&MORGAN,
G6,P&M STUDIO,
"31",KUCHE,
I4,LINEART SELECTED,
I6,VONO,
J5,WALL SOLUTIONS,
J7,VENZ,
L2,U BIQ,
G4,PROJECT BY KS SONSGROUP,
H7,COTTO GRANDE,
I3,BURO,
I7,PERFECTA,
I8,ISTEIN,
J3,MR.BIG,
G8,INTEX,
J4,CA DECORATIVE,
K4,ME CLASS,
"10",SB FURNITURE,
"11",ZELECTION,
"12",CUCINE,
"13",LE LUXE,
"14",KONCEPT FURNITURE,
"15",SB DESIGN SQUARE,
"16",KELVIN GIORMANI,
"17",ACCESS,
"18",YVES MAISON,
"19",VINTAGE PASSION,
"20",JUVE CULTURE,
"21",CLICHE,
"22",FRENCH PROVENCE,
"23",POSH ATELIER,
"24",COUNTRY CORNER,
"25",CALIA ITALIA,
"26",SCHULTZ DESIGN,
"27",AUTHENTIC,
"28",HERITAGE,
"29",CLEAF,
"30",HABITAT,
"50",BEST BUY,
"52",IMAGE,
"55",LA-Z-BOY,
"58",LAMPTITUDE,
"60",ICON WALLPAPER,
"61",PERLA,
"62",MR.DECOR,
"63",HOME DECOR CONSIGNMENT,
"64",FURNITURN CONSIGNMENT,
"65",APP,
"66",SYNDA,
"67",TEMPUR,
"68",SLUMBERLAND,
"69",SLEEPMATE,
"70",LUCKY,
"71",DUNLOPILLO,
"72",EXPORT,
"73",PROJECT,
"74",LADY AMERICANA,
"75",RESTIME,
"76",SMEG,
"77",TEKA,
"78",SEAGULL,
"79",EVE,
"80",FAGOR,
"81",FRANKE,
"82",OUTLET,
"90",OMAZZ,
"91",LOTUS,
"92",NICE,
"93",LUMBER YARD,
"94",GOODRICH,
"95",SPRINGMATE,
"96",Mr.Curtain,
"97",SIESTA,
"98",AKEMI,
"99",MADISON&CO,
A1,HAFELE,
A2,MEX,
A3,PENK,
A4,BEST,
A5,PEKA,
A6,KESSEBOHMER,
A7,SEALY,
A8,WATSON,
A9,PODIUM,
B1,MIDAS,
B2,FISHER&PAYKEL,
B3,KACEE,
B4,VC FABRIC,
B5,PICASSO,
B6,STAINLESS KITCHEN,
B7,DIGITAL DOOR LOCK,
B8,SANTAS,
B9,PERICO,
C1,PREMIER SATIN,
C2,SATIN,
C3,FUJIRYOKI,
C4,OTO,
C5,RESTER,
C6,MAKOTO,
C7,DEESAWAT,
C8,EGG,
C9,SIAM GLORY,
D1,KETER,
D2,EUROPA,
D3,LEOWOOD,
D4,KITSO,
D5,SCANDINAVIA,
D6,AT EAST,
D7,WORLD SAFETY,
D8,I.J. SIAM,
D9,MOMOEST,
E1,CREATIVE TOP,
E2,LA LA HOME,
E3,GINGER,
E4,GREENY GRASS,
E5,LETHERMINE,
E6,"8@9",
E7,WORAKUL,
E8,BRUAN,
E9,THANN SATIVA,
F1,VOGUE LIVING,
F2,HOME THEATER,
F3,PDM,
F4,IDEA,
F5,SIAM WOODLAND,
F6,LG,
F7,HANEX,
F8,TM MARBLE,
F9,CAESAR STONE,
G1,STONE ITALIANA,
G2,SILE STONE,
G3,CURTAIN CRAFT,
H1,BANGKOK WALLPAPER,
G9,FINE 26,
H2,MOTHER GOOSE,
H3,GOMONO,
SR,ADEL,
H4,ZWILLING,
H5,BSF,
I1,VOX,
I2,IROBOT,
I5,SIMMONS,
J8,PHARTRILLION,
J9,YALE,
L1,CABEAU,
G7,LORENZO,
H6,CURIO,
H8,AIR SWITCH,
H9,IHOME,
J6,GEOLUX,
K1,UNIVERSAL,
K2,METROPOLE,
K3,FIBARO,
