ORDER_ID,CUSTOMER_ID,BPCODE,CREATE_DATE,UPDATE_DATE,STATUS
5341,13842,1100712196,2015-11-25 11:31:48,2017-06-20 10:54:31,CANCEL
5342,13842,1100712196,2015-11-25 11:31:48,2017-06-20 10:54:31,CANCEL
5561,13842,1100712196,2015-11-29 12:56:00,2017-06-20 10:55:13,CANCEL
9441,13842,1100712196,2016-01-01 20:05:27,2017-06-20 10:55:55,CANCEL
9481,13842,1100712196,2016-01-02 12:00:38,2017-06-20 10:55:47,CANCEL
10642,13842,1100712196,2016-01-13 09:53:00,2017-06-20 10:54:56,CANCEL
11161,13842,1100712196,2016-01-17 12:06:17,2017-06-20 10:54:43,CANCEL
9001,13842,1100712196,2015-12-30 13:40:01,2017-06-20 10:56:02,CANCEL
7981,11294,1100385214,2015-12-24 01:29:08,2017-10-21 15:23:50,CANCEL
9161,21245,1100715726,2015-12-30 22:52:24,2017-09-28 14:22:16,CANCEL
10361,13842,1100712196,2016-01-11 16:50:53,2017-06-20 10:55:39,CANCEL
14903,29644,1100735017,2016-02-14 14:43:41,2017-11-10 23:38:22,CANCEL
13881,28702,1100732913,2016-02-05 13:50:15,2017-08-19 07:15:50,CANCEL
19301,36842,1100747096,2016-04-05 06:41:59,2017-12-02 21:52:11,CANCEL
21106,8885,1100671948,2016-04-19 14:03:51,2017-12-03 11:24:34,CANCEL
21107,8885,1100671948,2016-04-19 14:25:01,2017-12-03 11:22:14,CANCEL
19281,36842,1100747096,2016-04-05 01:18:20,2017-12-02 21:54:36,CANCEL
19401,31213,1100584027,2016-04-06 11:22:32,2017-06-28 19:07:14,CANCEL
24801,45562,1100758999,2016-05-23 15:19:34,2017-06-09 11:25:54,CANCEL
21103,8885,1100671948,2016-04-19 13:49:32,2017-12-03 11:24:58,CANCEL
21105,8885,1100671948,2016-04-19 14:00:16,2017-12-03 11:24:45,CANCEL
27284,46388,1100656747,2016-06-11 14:24:56,2017-05-31 21:12:37,CANCEL
27285,46388,1100656747,2016-06-11 14:54:44,2017-05-31 21:12:32,CANCEL
27288,46388,1100656747,2016-06-11 15:05:46,2017-05-31 21:12:14,CANCEL
27281,46388,1100656747,2016-06-11 13:49:14,2017-05-31 21:11:56,CANCEL
25981,46388,1100656747,2016-06-03 08:54:24,2017-05-31 21:11:49,CANCEL
28281,25503,1100526827,2016-06-19 07:35:54,2017-06-01 00:33:45,CANCEL
26782,46709,1100629436,2016-06-08 14:19:48,2017-05-22 10:24:36,CANCEL
27282,46388,1100656747,2016-06-11 14:04:25,2017-05-31 21:12:47,CANCEL
27283,46388,1100656747,2016-06-11 14:06:45,2017-05-31 21:12:42,CANCEL
27287,46388,1100656747,2016-06-11 14:55:56,2017-05-31 21:12:26,CANCEL
27291,46388,1100656747,2016-06-11 15:17:17,2017-05-31 21:12:07,CANCEL
27292,46388,1100656747,2016-06-11 15:19:51,2017-05-31 21:12:01,CANCEL
27290,46388,1100656747,2016-06-11 15:11:22,2017-05-31 21:12:20,CANCEL
33681,60702,1100777513,2016-08-01 04:42:53,2017-11-11 14:36:51,CANCEL
36042,33609,1100781215,2016-08-22 20:36:05,2017-12-26 18:38:00,CANCEL
33661,60164,1100777485,2016-07-31 21:30:45,2017-11-11 01:37:33,CANCEL
33662,60164,1100777485,2016-07-31 21:30:45,2017-11-11 01:37:33,CANCEL
32242,58043,1100514812,2016-07-18 14:27:52,2017-09-11 14:55:50,CANCEL
33663,60164,1100777485,2016-07-31 21:35:06,2017-11-11 01:37:26,CANCEL
36041,33609,1100781215,2016-08-22 20:35:49,2017-12-26 18:38:00,CANCEL
31443,46388,1100656747,2016-07-09 14:17:04,2017-05-31 21:11:41,CANCEL
37903,33609,1100781215,2016-09-11 22:59:59,2017-12-26 18:37:44,CANCEL
41261,76104,1100792762,2016-10-10 21:55:54,2017-10-28 11:41:15,CANCEL
42001,60164,1100777485,2016-10-18 07:08:16,2017-11-11 01:38:40,CANCEL
38021,60164,1100777485,2016-09-13 11:30:16,2017-11-11 01:37:17,CANCEL
38743,25202,1100729611,2016-09-19 22:08:53,2017-09-12 11:29:26,CANCEL
41541,76424,1100793010,2016-10-12 15:07:11,2017-08-10 14:56:29,CANCEL
44061,11523,1100493234,2016-11-05 15:03:22,2017-07-30 18:06:32,CANCEL
46601,75625,1100803003,2016-11-27 18:50:13,2017-07-08 16:39:54,CANCEL
44825,79783,1100799500,2016-11-11 23:37:35,2017-11-29 07:52:47,CANCEL
48004,85028,1100805519,2016-12-05 20:46:39,2017-12-23 23:25:55,CANCEL
49481,21408,1100699001,2016-12-12 20:13:28,2017-12-19 20:32:00,CANCEL
49418,89389,1100806991,2016-12-12 14:37:51,2017-11-10 19:57:10,CANCEL
49503,25202,1100729611,2016-12-13 07:26:41,2017-09-12 11:29:45,CANCEL
49559,89733,1100806905,2016-12-13 20:21:29,2017-09-21 18:05:51,CANCEL
49571,79783,1100799500,2016-12-13 21:08:12,2017-12-01 15:46:19,CANCEL
47164,42787,1100551873,2016-11-30 22:57:11,2017-08-03 21:04:54,CANCEL
49582,89725,1100500289,2016-12-13 23:23:00,2017-06-07 22:50:08,CANCEL
47201,86004,1100655868,2016-12-01 08:30:35,2017-08-07 22:25:51,CANCEL
53328,42787,1100551873,2016-12-28 21:40:27,2017-08-03 21:04:42,CANCEL
53424,59085,1100775688,2016-12-29 13:12:40,2017-11-11 12:38:49,CANCEL
53463,31213,1100584027,2016-12-29 15:22:31,2017-06-28 19:07:32,CANCEL
52361,93642,1100811707,2016-12-25 22:41:02,2017-07-30 21:58:29,CANCEL
53464,21408,1100699001,2016-12-29 15:26:25,2017-12-19 20:37:46,CANCEL
57281,103062,1100819412,2017-01-23 17:54:47,2017-11-11 20:20:27,CANCEL
58701,105342,1100804166,2017-01-30 21:02:41,2017-05-26 15:06:39,CANCEL
58782,105342,1100804166,2017-01-31 13:16:02,2017-05-26 15:06:31,CANCEL
58181,25202,1100729611,2017-01-28 19:45:46,2017-09-12 11:29:04,CANCEL
63362,58043,1100514812,2017-03-08 16:07:10,2017-09-11 14:55:28,CANCEL
63621,31797,1100747845,2017-03-10 14:59:12,2017-07-22 10:32:22,CANCEL
58981,58043,1100514812,2017-02-01 14:27:48,2017-09-11 14:55:41,CANCEL
60841,109569,1100824231,2017-02-14 18:47:57,2017-06-12 13:11:39,CANCEL
62641,110105,1100763497,2017-03-03 20:56:16,2017-12-12 20:55:59,CANCEL
60843,109569,1100824231,2017-02-14 18:55:55,2017-06-12 13:10:37,CANCEL
61201,110105,1100763497,2017-02-19 18:11:45,2017-12-12 20:53:53,CANCEL
63361,58043,1100514812,2017-03-08 16:03:39,2017-09-11 14:55:35,CANCEL
60842,109569,1100824231,2017-02-14 18:52:49,2017-06-12 13:10:56,CANCEL
73943,125762,1100548045,2017-05-12 11:19:47,2017-05-13 11:21:50,CANCEL
74723,131582,1100845875,2017-05-17 00:46:45,2017-05-17 00:52:53,CANCEL
74941,132144,1100846176,2017-05-18 07:27:45,2017-05-22 21:57:30,CANCEL
75041,127823,1100842951,2017-05-18 15:33:55,2017-05-18 15:40:18,CANCEL
73942,125762,1100548045,2017-05-12 11:19:47,2017-05-13 11:21:50,CANCEL
74603,131582,1100845875,2017-05-16 14:10:59,2017-05-17 00:52:38,CANCEL
74703,131986,1100674747,2017-05-16 21:24:00,2017-05-23 10:03:06,CANCEL
74725,131582,1100845875,2017-05-17 00:57:39,2017-05-17 00:59:16,CANCEL
74726,131582,1100845875,2017-05-17 01:03:39,2017-05-17 01:05:14,CANCEL
74881,132202,1100846264,2017-05-17 18:37:46,2017-05-17 18:38:40,CANCEL
71821,127723,1100842992,2017-05-03 13:59:54,2017-06-14 00:44:31,CANCEL
74561,131631,1100846025,2017-05-16 11:57:57,2017-05-16 12:57:15,CANCEL
73442,124783,1100476971,2017-05-10 11:37:11,2017-05-14 21:28:25,CANCEL
74121,129843,1100844855,2017-05-13 19:46:42,2017-05-13 19:48:46,CANCEL
74581,131631,1100846025,2017-05-16 12:58:31,2017-05-16 13:00:37,CANCEL
74642,131903,1100846082,2017-05-16 16:50:09,2017-05-16 16:53:07,CANCEL
74724,131582,1100845875,2017-05-17 00:51:04,2017-05-17 00:52:22,CANCEL
74802,132144,1100846176,2017-05-17 12:31:44,2017-05-22 21:57:56,CANCEL
74821,132144,1100846176,2017-05-17 12:53:36,2017-05-22 21:57:45,CANCEL
73102,127723,1100842992,2017-05-09 01:21:00,2017-06-14 00:44:45,CANCEL
71701,127823,1100842951,2017-05-02 23:47:12,2017-05-18 15:40:25,CANCEL
74042,125762,1100548045,2017-05-13 10:44:32,2017-05-13 11:22:13,CANCEL
74081,121924,1100829482,2017-05-13 12:55:13,2017-05-13 12:55:45,CANCEL
69721,125001,1100524509,2017-04-24 02:11:12,2017-10-20 23:59:00,CANCEL
74141,131206,1100486466,2017-05-13 21:11:35,2017-05-13 21:17:04,CANCEL
72901,122143,1100612246,2017-05-08 11:50:45,2017-05-30 19:45:11,CANCEL
73263,31845,1100727734,2017-05-09 13:37:21,2017-05-29 09:05:28,CANCEL
71181,127182,1100842400,2017-04-30 23:56:44,2017-06-19 12:04:21,CANCEL
74722,131582,1100845875,2017-05-17 00:40:04,2017-05-17 00:53:09,CANCEL
74761,131631,1100846025,2017-05-17 10:24:04,2017-05-17 10:25:53,CANCEL
75681,133902,1100846456,2017-05-22 20:38:34,2017-05-26 21:40:42,CANCEL
75704,132144,1100846176,2017-05-22 22:00:16,2017-05-23 22:33:31,CANCEL
75705,132144,1100846176,2017-05-22 22:18:50,2017-05-23 22:33:20,CANCEL
76321,109567,1100848065,2017-05-26 17:29:49,2017-05-27 08:01:37,CANCEL
76362,109567,1100848065,2017-05-27 08:00:19,2017-05-27 08:01:02,CANCEL
76402,135244,1100848408,2017-05-27 22:13:22,2017-06-13 17:28:44,CANCEL
76403,135244,1100848408,2017-05-27 22:13:22,2017-06-13 17:28:44,CANCEL
76601,135508,1100521578,2017-05-29 07:20:14,2017-05-29 07:21:15,CANCEL
76803,135645,1100849036,2017-05-29 22:50:07,2017-05-31 10:06:43,CANCEL
76821,135645,1100849036,2017-05-30 00:42:42,2017-05-31 09:15:37,CANCEL
77262,46388,1100656747,2017-05-31 21:06:57,2017-05-31 21:11:30,CANCEL
77268,110742,1100842727,2017-05-31 22:06:12,2017-06-05 08:01:44,CANCEL
77721,135521,1100589832,2017-06-03 19:44:51,2017-06-03 19:45:42,CANCEL
78022,135521,1100589832,2017-06-04 21:52:05,2017-06-04 22:15:43,CANCEL
75621,133884,1100821222,2017-05-22 17:50:36,2017-05-22 18:09:42,CANCEL
75641,122013,1100847416,2017-05-22 18:35:48,2017-05-24 01:55:10,CANCEL
76101,133962,1100847472,2017-05-24 15:50:11,2017-05-24 15:52:06,CANCEL
76102,133962,1100847472,2017-05-24 15:50:11,2017-05-24 15:52:06,CANCEL
76543,126664,1100840247,2017-05-28 20:35:25,2017-05-28 20:38:30,CANCEL
76681,135514,1100848825,2017-05-29 14:17:09,2017-05-30 13:29:00,CANCEL
76084,132144,1100846176,2017-05-24 15:02:53,2017-05-24 16:17:34,CANCEL
76104,113303,1100828741,2017-05-24 16:02:06,2017-05-30 10:58:21,CANCEL
76123,133962,1100847472,2017-05-24 16:51:57,2017-05-24 17:00:39,CANCEL
76201,108346,1100822872,2017-05-25 08:48:06,2017-05-27 10:07:30,CANCEL
76461,134645,1100847847,2017-05-28 13:33:24,2017-06-24 20:35:09,CANCEL
76627,135533,1100619685,2017-05-29 10:40:28,2017-05-29 10:52:14,CANCEL
76781,135618,1100849031,2017-05-29 21:21:41,2017-05-29 21:22:14,CANCEL
77112,53046,1100849242,2017-05-30 22:31:04,2017-05-30 22:31:49,CANCEL
77113,53046,1100849242,2017-05-30 22:31:04,2017-05-30 22:31:49,CANCEL
77147,135645,1100849036,2017-05-31 09:17:39,2017-05-31 10:06:32,CANCEL
77151,135521,1100589832,2017-05-31 09:55:20,2017-05-31 10:01:09,CANCEL
77152,135521,1100589832,2017-05-31 09:55:20,2017-05-31 10:01:09,CANCEL
77157,25503,1100526827,2017-05-31 11:08:18,2017-06-01 00:33:25,CANCEL
77343,117842,1100841537,2017-06-01 14:19:21,2017-06-01 14:19:41,CANCEL
77602,136289,1100849822,2017-06-03 10:16:13,2017-07-01 10:40:04,CANCEL
77749,128222,1100843139,2017-06-04 00:13:22,2017-06-04 00:17:28,CANCEL
77750,128222,1100843139,2017-06-04 00:13:22,2017-06-04 00:17:28,CANCEL
75461,133582,1100657155,2017-05-22 09:52:42,2017-05-22 11:19:24,CANCEL
75706,133962,1100847472,2017-05-22 22:31:43,2017-05-23 22:40:21,CANCEL
76122,132144,1100846176,2017-05-24 16:50:46,2017-05-24 17:03:35,CANCEL
76361,109567,1100848065,2017-05-27 08:00:03,2017-05-27 08:01:02,CANCEL
76521,135444,1100848763,2017-05-28 19:24:19,2017-05-30 16:56:39,CANCEL
76725,131631,1100846025,2017-05-29 17:07:40,2017-05-29 17:07:55,CANCEL
77269,136023,1100849470,2017-05-31 22:06:40,2017-06-03 14:29:29,CANCEL
77481,136246,1100849681,2017-06-02 13:42:39,2017-06-02 13:45:45,CANCEL
77748,15256,1100780437,2017-06-04 00:10:26,2017-06-30 16:05:22,CANCEL
77821,136607,1100850180,2017-06-04 12:05:27,2017-06-04 12:05:55,CANCEL
75342,133182,1100635334,2017-05-21 15:28:44,2017-05-21 15:44:55,CANCEL
75661,133902,1100846456,2017-05-22 20:14:58,2017-05-26 21:40:46,CANCEL
75922,134203,1100847522,2017-05-23 16:23:02,2017-05-23 16:32:30,CANCEL
76064,134403,1100847632,2017-05-24 11:14:36,2017-05-24 11:19:02,CANCEL
76121,133962,1100847472,2017-05-24 16:46:56,2017-05-24 17:00:27,CANCEL
76462,134645,1100847847,2017-05-28 13:33:41,2017-06-24 20:35:09,CANCEL
76644,135527,1100846462,2017-05-29 11:57:28,2017-05-29 11:58:23,CANCEL
77141,135742,1100509403,2017-05-31 07:01:35,2017-05-31 07:05:23,CANCEL
77142,135742,1100509403,2017-05-31 07:06:57,2017-05-31 16:17:36,CANCEL
78122,135521,1100589832,2017-06-05 09:05:33,2017-06-05 09:17:03,CANCEL
78262,137002,1100850918,2017-06-05 22:23:36,2017-06-05 23:32:49,CANCEL
78281,137002,1100850918,2017-06-05 23:32:11,2017-06-05 23:32:49,CANCEL
78282,137002,1100850918,2017-06-05 23:45:33,2017-06-05 23:47:46,CANCEL
78302,137083,1100850923,2017-06-06 08:16:59,2017-06-06 08:20:56,CANCEL
78343,58043,1100514812,2017-06-06 11:47:11,2017-09-11 14:55:21,CANCEL
75961,132144,1100846176,2017-05-23 22:35:53,2017-05-24 14:50:32,CANCEL
76364,109567,1100848065,2017-05-27 08:59:30,2017-08-04 17:31:15,CANCEL
76365,109567,1100848065,2017-05-27 08:59:30,2017-08-04 17:31:15,CANCEL
76366,109567,1100848065,2017-05-27 08:59:39,2017-08-04 17:31:15,CANCEL
76661,59142,1100775105,2017-05-29 13:45:17,2017-06-11 15:44:19,CANCEL
76804,135466,1100770728,2017-05-29 23:16:12,2017-05-29 23:19:38,CANCEL
77002,26385,1100730547,2017-05-30 14:50:26,2017-05-30 14:51:04,CANCEL
77156,25503,1100526827,2017-05-31 11:07:56,2017-06-01 00:33:25,CANCEL
78441,137263,1100851083,2017-06-06 19:28:31,2017-06-06 20:39:55,CANCEL
75481,46709,1100629436,2017-05-22 10:19:38,2017-05-22 10:22:02,CANCEL
75702,132144,1100846176,2017-05-22 21:49:26,2017-05-23 22:33:42,CANCEL
75703,132144,1100846176,2017-05-22 21:55:54,2017-05-22 21:57:16,CANCEL
75802,132945,1100846721,2017-05-23 10:24:18,2017-05-23 10:33:48,CANCEL
76322,109567,1100848065,2017-05-26 17:30:23,2017-05-27 08:01:38,CANCEL
76625,82232,1100799494,2017-05-29 10:36:27,2017-05-29 10:37:34,CANCEL
76967,27704,1100761970,2017-05-30 12:41:46,2017-09-21 12:19:42,CANCEL
77153,135645,1100849036,2017-05-31 10:01:30,2017-05-31 18:17:10,CANCEL
78761,131982,1100851287,2017-06-07 23:12:51,2017-06-07 23:22:42,CANCEL
78781,29165,1100851288,2017-06-08 01:44:11,2017-06-14 20:30:22,CANCEL
78983,131982,1100851287,2017-06-08 22:04:34,2017-06-08 22:05:42,CANCEL
79462,137800,1100852000,2017-06-11 09:11:16,2017-06-11 09:11:53,CANCEL
80203,139282,1100852921,2017-06-13 22:19:59,2017-06-13 22:24:15,CANCEL
80207,127724,1100852920,2017-06-13 22:30:54,2017-06-13 22:32:06,CANCEL
80508,139822,1100853068,2017-06-14 22:08:50,2017-06-14 22:11:06,CANCEL
82305,142822,1100854699,2017-06-20 12:58:00,2017-06-20 12:59:05,CANCEL
82306,142822,1100854699,2017-06-20 12:58:00,2017-06-20 12:59:05,CANCEL
82662,27584,1100498049,2017-06-21 17:54:12,2017-06-21 17:55:02,CANCEL
80101,139384,1100852732,2017-06-13 14:44:13,2017-06-13 15:08:11,CANCEL
80441,135527,1100846462,2017-06-14 18:55:44,2017-06-14 19:07:04,CANCEL
82521,143122,1100854840,2017-06-21 10:22:56,2017-06-21 10:36:16,CANCEL
78982,131982,1100851287,2017-06-08 21:59:55,2017-06-08 22:05:55,CANCEL
79681,138922,1100852468,2017-06-11 21:31:54,2017-06-26 13:55:58,CANCEL
79825,109569,1100824231,2017-06-12 13:14:39,2017-06-12 13:14:47,CANCEL
79861,136724,1100852558,2017-06-12 16:03:25,2017-06-12 16:05:44,CANCEL
80002,117262,1100852699,2017-06-13 09:14:33,2017-06-13 16:05:07,CANCEL
80540,91962,1100457407,2017-06-15 00:28:40,2017-06-15 00:36:25,CANCEL
80541,91962,1100457407,2017-06-15 00:39:42,2017-06-15 00:40:41,CANCEL
80781,139784,1100853041,2017-06-15 19:00:54,2017-06-22 13:09:08,CANCEL
81121,93165,1100809562,2017-06-16 21:49:56,2017-11-30 20:31:04,CANCEL
82682,139784,1100853041,2017-06-21 18:58:24,2017-06-21 20:47:07,CANCEL
79384,124603,1100839968,2017-06-10 20:30:31,2017-06-10 20:38:39,CANCEL
80202,139282,1100852921,2017-06-13 22:19:31,2017-06-13 22:24:15,CANCEL
80481,139822,1100853068,2017-06-14 20:22:15,2017-06-14 22:14:17,CANCEL
80506,139253,1100852641,2017-06-14 21:59:49,2017-06-14 22:02:58,CANCEL
81042,140382,1100853390,2017-06-16 15:29:29,2017-06-22 04:59:36,CANCEL
81901,142382,1100854477,2017-06-19 08:18:05,2017-06-19 08:20:36,CANCEL
81942,139407,1100854480,2017-06-19 09:57:49,2017-06-19 09:58:10,CANCEL
82061,142543,1100854525,2017-06-19 13:58:31,2017-06-19 14:30:13,CANCEL
79083,138102,1100851509,2017-06-09 13:58:43,2017-06-09 13:59:09,CANCEL
79383,124603,1100839968,2017-06-10 20:29:18,2017-06-10 20:38:39,CANCEL
80204,139282,1100852921,2017-06-13 22:20:21,2017-06-13 22:24:15,CANCEL
80401,139582,1100852964,2017-06-14 16:41:13,2017-06-14 23:36:11,CANCEL
80513,138024,1100851501,2017-06-14 22:15:22,2017-06-29 00:03:48,CANCEL
81681,141142,1100646741,2017-06-18 18:50:26,2017-06-18 18:55:18,CANCEL
81682,141142,1100646741,2017-06-18 18:50:26,2017-06-18 18:55:18,CANCEL
82765,139804,1100853108,2017-06-21 22:40:46,2017-06-23 06:55:41,CANCEL
78702,137506,1100851219,2017-06-07 17:20:40,2017-06-07 17:39:24,CANCEL
78744,89725,1100500289,2017-06-07 22:50:56,2017-06-07 23:00:47,CANCEL
78763,131982,1100851287,2017-06-07 23:28:32,2017-06-07 23:33:26,CANCEL
79201,138242,1100851657,2017-06-09 23:42:34,2017-06-09 23:44:02,CANCEL
80527,22082,1100726073,2017-06-14 23:20:07,2017-06-30 19:22:30,CANCEL
81002,140382,1100853390,2017-06-16 14:05:41,2017-11-13 17:54:15,CANCEL
82161,140483,1100854274,2017-06-19 21:44:26,2017-06-22 14:41:04,CANCEL
82163,142684,1100854670,2017-06-19 22:26:41,2017-06-19 22:28:22,CANCEL
82621,140483,1100854274,2017-06-21 15:28:18,2017-06-22 14:42:37,CANCEL
79085,138122,1100851524,2017-06-09 14:20:57,2017-12-12 06:05:51,CANCEL
80587,139832,1100853109,2017-06-15 05:34:50,2017-06-15 05:35:14,CANCEL
81741,141882,1100854436,2017-06-18 20:13:09,2017-06-22 00:09:29,CANCEL
82081,51042,1100854543,2017-06-19 14:47:17,2017-06-19 14:48:11,CANCEL
82121,142615,1100843282,2017-06-19 17:33:02,2017-06-19 17:37:15,CANCEL
82304,142822,1100854699,2017-06-20 12:54:09,2017-06-20 12:54:51,CANCEL
79461,138544,1100851999,2017-06-11 08:45:54,2017-06-11 08:52:28,CANCEL
79761,138128,1100852481,2017-06-12 09:43:25,2017-06-12 22:40:38,CANCEL
79826,139173,1100663587,2017-06-12 13:18:25,2017-06-12 13:28:10,CANCEL
80522,139850,1100646740,2017-06-14 22:58:16,2017-06-14 23:15:53,CANCEL
80528,139834,1100853101,2017-06-14 23:21:37,2017-06-14 23:40:34,CANCEL
80584,139832,1100853109,2017-06-15 05:27:25,2017-06-15 05:28:18,CANCEL
80721,139784,1100853041,2017-06-15 16:22:12,2017-06-22 13:09:21,CANCEL
81841,131982,1100851287,2017-06-18 23:43:42,2017-06-18 23:44:12,CANCEL
82303,142822,1100854699,2017-06-20 12:50:42,2017-06-20 12:54:42,CANCEL
82641,143187,1100854933,2017-06-21 15:50:21,2017-06-22 15:07:50,CANCEL
82642,143187,1100854933,2017-06-21 15:50:21,2017-06-22 15:07:50,CANCEL
82753,143344,1100649959,2017-06-21 22:21:35,2017-06-21 22:22:57,CANCEL
83941,22902,1100726706,2017-06-28 17:11:53,2017-06-30 14:17:42,CANCEL
83961,31213,1100584027,2017-06-28 19:01:10,2017-06-28 19:06:57,CANCEL
84364,145448,1100857638,2017-06-30 20:18:27,2017-06-30 22:01:10,CANCEL
86021,146422,1100858559,2017-07-10 21:48:02,2017-07-10 21:49:14,CANCEL
86022,146422,1100858559,2017-07-10 21:48:02,2017-07-10 21:49:15,CANCEL
86181,42787,1100551873,2017-07-11 21:56:57,2017-08-03 21:04:33,CANCEL
93601,137962,1100856625,2017-08-30 01:07:17,2017-08-30 22:07:57,CANCEL
94021,162683,1100872316,2017-08-31 08:38:39,2017-08-31 11:01:48,CANCEL
98803,174503,1100876594,2017-09-18 18:28:13,2017-09-18 18:52:40,CANCEL
99902,176782,1100877238,2017-09-22 14:02:38,2017-09-22 15:23:29,CANCEL
100241,177424,1100877452,2017-09-23 13:42:31,2017-09-24 08:51:46,CANCEL
104562,49006,1100765066,2017-10-07 11:46:02,2017-10-08 22:01:22,CANCEL
117542,214345,1100889550,2017-11-11 18:10:37,2017-11-11 18:20:50,CANCEL
123081,226242,1100893316,2017-11-22 10:49:51,2017-11-22 11:13:53,CANCEL
128081,233762,1100897070,2017-12-04 14:43:14,2017-12-04 14:44:20,CANCEL
135921,243089,1100901574,2017-12-23 12:27:35,2017-12-25 07:36:23,CANCEL
141421,255244,1100908888,2018-01-08 00:02:50,2018-01-08 00:18:42,CANCEL
84272,140382,1100853390,2017-06-30 14:13:01,2017-11-13 17:53:31,CANCEL
84285,145304,1100857420,2017-06-30 14:57:12,2017-07-06 14:31:03,CANCEL
85565,129624,1100857172,2017-07-07 23:08:51,2017-07-07 23:13:44,CANCEL
94083,162767,1100872344,2017-08-31 12:12:21,2017-08-31 14:01:59,CANCEL
95801,76424,1100793010,2017-09-08 15:52:57,2017-09-18 10:45:38,CANCEL
108262,196022,1100884195,2017-10-18 20:00:48,2017-10-18 20:01:53,CANCEL
109942,200842,1100885889,2017-10-25 16:49:04,2017-11-11 21:21:55,CANCEL
116543,18162,1100889331,2017-11-11 11:50:13,2017-11-11 11:52:13,CANCEL
119702,158925,1100633465,2017-11-14 06:01:30,2017-12-02 06:06:23,CANCEL
127281,36842,1100747096,2017-12-02 21:56:24,2017-12-03 17:27:19,CANCEL
130482,135479,1100816460,2017-12-11 23:51:59,2017-12-12 00:11:07,CANCEL
130502,135479,1100816460,2017-12-12 00:05:22,2017-12-12 00:08:26,CANCEL
131523,240942,1100900954,2017-12-12 15:22:12,2017-12-12 15:43:11,CANCEL
131701,240544,1100746701,2017-12-12 16:33:18,2017-12-12 16:56:20,CANCEL
132601,89389,1100806991,2017-12-12 23:28:54,2017-12-12 23:32:01,CANCEL
89743,86004,1100655868,2017-08-07 22:17:18,2017-08-21 15:04:53,CANCEL
101801,178522,1100878728,2017-09-27 22:37:19,2017-09-28 21:10:59,CANCEL
103781,95902,1100814539,2017-10-03 15:12:32,2017-10-03 15:14:26,CANCEL
103862,185283,1100880230,2017-10-03 17:25:35,2017-10-03 17:58:10,CANCEL
119161,216602,1100890465,2017-11-13 10:23:34,2017-11-13 10:25:28,CANCEL
119162,216602,1100890465,2017-11-13 10:23:34,2017-11-13 10:25:28,CANCEL
120181,219482,1100891020,2017-11-15 10:06:57,2017-11-15 10:09:11,CANCEL
121721,137303,1100887157,2017-11-19 21:23:23,2017-11-19 21:28:55,CANCEL
119041,216602,1100890465,2017-11-12 22:15:56,2017-11-13 10:24:15,CANCEL
126641,95543,1100807221,2017-12-02 11:20:39,2017-12-02 11:22:45,CANCEL
134282,25921,1100884894,2017-12-17 07:25:39,2017-12-17 07:26:00,CANCEL
88841,153373,1100666305,2017-08-01 13:12:42,2017-08-01 13:15:47,CANCEL
94261,156307,1100668659,2017-08-31 21:02:30,2017-08-31 21:11:28,CANCEL
94262,156307,1100668659,2017-08-31 21:02:30,2017-08-31 21:11:28,CANCEL
103721,185062,1100880136,2017-10-03 14:12:39,2017-10-03 15:06:07,CANCEL
105642,40069,1100517036,2017-10-10 14:51:41,2017-10-10 14:52:43,CANCEL
106061,190202,1100882269,2017-10-10 22:45:00,2017-10-10 23:31:58,CANCEL
109681,200762,1100885795,2017-10-25 02:32:46,2017-10-25 02:54:30,CANCEL
113201,207662,1100888054,2017-11-04 20:20:40,2017-11-04 20:41:01,CANCEL
131982,89886,1100807633,2017-12-12 19:16:20,2017-12-12 19:16:42,CANCEL
133803,78266,1100889895,2017-12-14 20:13:31,2017-12-14 20:29:09,CANCEL
136322,248302,1100904541,2017-12-24 22:05:25,2017-12-24 22:07:38,CANCEL
122582,224223,1100893028,2017-11-21 01:01:54,2017-11-21 01:06:31,CANCEL
124701,41753,1100752924,2017-11-28 14:29:10,2017-11-28 14:44:45,CANCEL
126781,156666,1100894489,2017-12-02 14:26:01,2017-12-02 19:39:04,CANCEL
130481,135479,1100816460,2017-12-11 23:50:04,2017-12-12 00:08:34,CANCEL
135761,244922,1100902667,2017-12-22 14:35:05,2017-12-22 14:59:19,CANCEL
137801,249483,1100904996,2017-12-27 21:16:32,2017-12-28 17:30:34,CANCEL
82961,140483,1100854274,2017-06-22 14:42:30,2017-06-22 14:42:37,CANCEL
89341,153863,1100865894,2017-08-05 11:38:03,2017-08-10 19:30:59,CANCEL
94022,76424,1100793010,2017-08-31 08:40:11,2017-08-31 08:44:13,CANCEL
94541,163682,1100872728,2017-09-02 08:50:33,2017-09-02 09:02:29,CANCEL
96122,168022,1100874239,2017-09-09 11:45:12,2017-11-11 00:12:50,CANCEL
98741,174503,1100876594,2017-09-18 17:25:38,2017-09-18 18:24:34,CANCEL
99421,168523,1100877013,2017-09-20 21:10:15,2017-09-20 21:12:40,CANCEL
101401,85923,1100866520,2017-09-26 21:56:42,2017-09-26 22:02:26,CANCEL
103461,178483,1100878116,2017-10-02 17:35:43,2017-10-02 17:36:04,CANCEL
111041,137303,1100887157,2017-10-30 21:05:03,2017-10-30 21:22:07,CANCEL
84386,94474,1100812353,2017-06-30 22:29:02,2017-06-30 22:30:18,CANCEL
99901,176782,1100877238,2017-09-22 13:59:47,2017-09-22 14:02:28,CANCEL
100701,178882,1100878196,2017-09-25 08:00:22,2017-09-25 09:33:43,CANCEL
101821,178522,1100878728,2017-09-27 22:49:54,2017-09-27 22:52:01,CANCEL
103401,182722,1100879055,2017-10-02 15:42:22,2017-10-02 15:52:08,CANCEL
104021,171002,1100880147,2017-10-04 09:15:33,2017-10-04 09:15:52,CANCEL
106261,2082,1100500779,2017-10-11 01:47:10,2017-10-11 01:48:18,CANCEL
106841,167622,1100544527,2017-10-13 14:40:57,2017-10-17 16:03:24,CANCEL
114821,210783,1100888910,2017-11-08 12:46:58,2017-11-08 12:51:35,CANCEL
117101,214284,1100889643,2017-11-11 15:41:28,2017-11-11 15:42:59,CANCEL
117401,214862,1100560772,2017-11-11 17:09:47,2017-11-11 17:13:31,CANCEL
122401,137303,1100887157,2017-11-20 22:38:17,2017-11-20 22:40:52,CANCEL
143141,258962,1100910937,2018-01-18 18:56:56,2018-01-20 02:23:01,CANCEL
143181,258262,1100910963,2018-01-18 23:02:47,2018-01-18 23:05:45,CANCEL
130283,236942,1100899347,2017-12-11 18:53:56,2017-12-11 19:08:55,CANCEL
84008,144905,1100801675,2017-06-28 22:49:23,2017-06-28 22:56:59,CANCEL
85201,27304,1100858785,2017-07-05 18:52:29,2017-07-05 18:54:11,CANCEL
92301,159455,1100870694,2017-08-24 23:10:36,2017-08-24 23:12:33,CANCEL
98541,76424,1100793010,2017-09-18 10:44:34,2017-09-22 09:15:16,CANCEL
109001,11294,1100385214,2017-10-21 15:22:55,2017-10-21 15:29:08,CANCEL
109021,11294,1100385214,2017-10-21 15:32:06,2017-10-21 15:44:47,CANCEL
113301,192462,1100883251,2017-11-04 22:27:17,2017-11-07 22:57:05,CANCEL
113521,208082,1100888175,2017-11-05 18:20:24,2017-11-05 18:37:34,CANCEL
116101,213442,1100889419,2017-11-11 06:44:26,2017-11-11 06:54:23,CANCEL
129001,237263,1100899544,2017-12-08 11:27:41,2017-12-08 16:11:40,CANCEL
129621,33655,1100575205,2017-12-10 11:22:58,2017-12-10 11:23:22,CANCEL
130702,168742,1100877211,2017-12-12 02:45:26,2017-12-12 02:51:18,CANCEL
84181,22902,1100726706,2017-06-30 09:39:49,2017-06-30 14:17:32,CANCEL
84274,22902,1100726706,2017-06-30 14:18:57,2017-06-30 17:54:41,CANCEL
84280,145304,1100857420,2017-06-30 14:37:44,2017-06-30 14:51:06,CANCEL
88941,153389,1100865589,2017-08-02 09:33:16,2017-08-02 09:34:05,CANCEL
92281,156903,1100869257,2017-08-24 21:45:37,2017-08-24 21:46:15,CANCEL
102261,180742,1100878916,2017-09-29 00:41:43,2017-09-29 00:42:37,CANCEL
102341,182022,1100872445,2017-09-29 11:16:51,2017-09-29 12:00:38,CANCEL
118861,216542,1100890273,2017-11-12 19:19:52,2017-11-13 08:29:55,CANCEL
119245,217143,1100890549,2017-11-13 13:03:05,2017-11-13 13:07:52,CANCEL
125661,221002,1100532735,2017-11-30 15:39:38,2017-12-02 16:10:23,CANCEL
127902,234982,1100898357,2017-12-03 21:38:34,2017-12-03 22:19:13,CANCEL
133501,242843,1100901352,2017-12-14 14:26:03,2017-12-14 14:26:55,CANCEL
122541,225142,1100893027,2017-11-20 23:53:30,2017-11-20 23:54:30,CANCEL
83082,143483,1100855267,2017-06-23 10:50:03,2017-06-23 10:56:09,CANCEL
94062,162542,1100872332,2017-08-31 11:31:55,2017-08-31 11:35:09,CANCEL
105021,188483,1100881518,2017-10-08 16:10:04,2017-10-08 19:09:04,CANCEL
109941,200842,1100885889,2017-10-25 16:46:13,2017-11-11 21:21:43,CANCEL
110041,201182,1100885923,2017-10-25 18:46:29,2017-10-25 18:47:04,CANCEL
118141,161882,1100889938,2017-11-11 21:40:17,2017-11-11 21:45:27,CANCEL
120001,217262,1100890961,2017-11-14 18:59:21,2017-11-21 10:56:14,CANCEL
126543,95543,1100807221,2017-12-02 06:10:15,2017-12-02 06:11:34,CANCEL
134381,129823,1100844235,2017-12-17 15:54:07,2017-12-17 15:58:24,CANCEL
135221,243089,1100901574,2017-12-20 21:59:46,2017-12-25 07:32:38,CANCEL
134283,25921,1100884894,2017-12-17 07:25:49,2017-12-17 07:26:00,CANCEL
134521,244822,1100902661,2017-12-18 06:24:20,2017-12-18 06:32:28,CANCEL
134522,244822,1100902661,2017-12-18 06:24:20,2017-12-18 06:32:28,CANCEL
84334,22082,1100726073,2017-06-30 17:48:30,2017-06-30 19:22:14,CANCEL
84336,145403,1100857534,2017-06-30 17:55:56,2017-06-30 17:59:56,CANCEL
90104,30503,1100734467,2017-08-09 20:23:12,2017-08-09 20:24:56,CANCEL
99221,174922,1100876850,2017-09-20 00:03:43,2017-09-24 02:16:49,CANCEL
99861,168742,1100877211,2017-09-22 12:36:10,2017-09-23 03:13:56,CANCEL
100201,177343,1100877414,2017-09-23 13:09:33,2017-09-23 13:10:50,CANCEL
100681,176502,1100874243,2017-09-25 07:17:24,2017-09-26 08:04:18,CANCEL
105782,109403,1100882203,2017-10-10 18:28:28,2017-10-10 18:28:59,CANCEL
114261,209782,1100888739,2017-11-07 07:38:02,2017-11-15 23:32:30,CANCEL
115641,197902,1100884598,2017-11-10 17:46:44,2017-11-14 18:50:25,CANCEL
120261,216302,1100890793,2017-11-15 13:50:44,2017-11-15 13:53:04,CANCEL
122501,218264,1100474548,2017-11-20 23:35:05,2017-12-11 19:13:33,CANCEL
134541,244822,1100902661,2017-12-18 06:31:10,2017-12-18 06:44:30,CANCEL
119001,216602,1100890465,2017-11-12 21:45:19,2017-11-13 10:26:13,CANCEL
119002,216602,1100890465,2017-11-12 21:45:29,2017-11-13 10:26:13,CANCEL
125841,93165,1100809562,2017-11-30 20:40:12,2017-12-12 08:08:26,CANCEL
93401,151763,1100871976,2017-08-29 14:27:09,2017-08-29 14:29:04,CANCEL
104501,187362,1100880881,2017-10-07 04:20:09,2017-11-11 04:27:52,CANCEL
106941,188962,1100882964,2017-10-14 06:03:13,2017-10-14 06:12:42,CANCEL
113322,192462,1100883251,2017-11-04 22:45:53,2017-11-07 22:56:33,CANCEL
114002,209362,1100888715,2017-11-06 22:07:53,2017-11-06 22:08:13,CANCEL
114005,209362,1100888715,2017-11-06 22:10:13,2017-11-06 22:13:16,CANCEL
114201,204962,1100583415,2017-11-07 00:43:04,2017-11-07 11:32:13,CANCEL
115341,211862,1100889232,2017-11-09 19:28:33,2017-11-09 19:30:00,CANCEL
140141,253363,1100907779,2018-01-03 18:14:07,2018-01-03 18:14:45,CANCEL
119642,218264,1100474548,2017-11-13 23:13:15,2017-11-13 23:19:23,CANCEL
134341,244363,1100902368,2017-12-17 15:27:17,2017-12-17 15:28:56,CANCEL
135441,246742,1100903391,2017-12-21 15:16:39,2017-12-21 15:17:32,CANCEL
84248,131565,1100587112,2017-06-30 11:52:48,2017-06-30 11:57:26,CANCEL
84267,140483,1100854274,2017-06-30 13:38:17,2017-06-30 14:55:34,CANCEL
90881,156382,1100657272,2017-08-14 21:49:40,2017-08-14 21:52:36,CANCEL
106962,179382,1100878274,2017-10-14 07:52:34,2017-10-14 08:05:16,CANCEL
116561,214125,1100889486,2017-11-11 12:00:02,2017-11-11 12:02:33,CANCEL
116621,214164,1100889489,2017-11-11 12:19:20,2017-11-11 12:21:06,CANCEL
120081,217262,1100890961,2017-11-14 21:23:32,2017-11-21 10:55:48,CANCEL
122661,225062,1100893030,2017-11-21 04:53:35,2017-11-21 04:59:55,CANCEL
125261,231763,1100875483,2017-11-29 11:36:04,2017-11-29 12:52:16,CANCEL
133823,59003,1100901583,2017-12-14 20:45:44,2017-12-14 20:54:38,CANCEL
119641,215383,1100889926,2017-11-13 23:13:52,2017-11-13 23:26:33,CANCEL
131442,125005,1100840745,2017-12-12 14:57:08,2017-12-12 14:59:31,CANCEL
84007,143357,1100515838,2017-06-28 22:44:19,2017-06-28 22:47:32,CANCEL
83981,144862,1100857040,2017-06-28 20:16:38,2017-06-28 20:22:04,CANCEL
86601,131724,1100858903,2017-07-14 11:46:47,2017-07-17 21:30:05,CANCEL
87681,143384,1100855057,2017-07-22 23:07:00,2017-07-22 23:17:52,CANCEL
100741,178882,1100878196,2017-09-25 09:55:03,2017-09-25 10:21:28,CANCEL
102201,182022,1100872445,2017-09-28 22:14:16,2017-09-29 10:23:52,CANCEL
113321,192462,1100883251,2017-11-04 22:45:41,2017-11-07 22:56:33,CANCEL
114761,210783,1100888910,2017-11-08 11:35:07,2017-11-08 12:51:59,CANCEL
117845,215122,1100889902,2017-11-11 20:28:32,2017-11-11 20:56:03,CANCEL
117846,215122,1100889902,2017-11-11 20:28:32,2017-11-11 20:56:03,CANCEL
119704,195102,1100890784,2017-11-14 06:13:41,2017-11-20 17:33:04,CANCEL
123382,219303,1100891013,2017-11-23 00:54:56,2017-12-08 15:32:13,CANCEL
124561,230862,1100895771,2017-11-27 23:55:15,2017-11-27 23:56:10,CANCEL
130221,138122,1100851524,2017-12-11 18:30:23,2017-12-12 09:01:28,CANCEL
131641,240544,1100746701,2017-12-12 16:22:57,2017-12-12 16:57:38,CANCEL
137861,201262,1100531461,2017-12-27 22:01:44,2017-12-27 22:06:06,CANCEL
139901,253002,1100907626,2018-01-03 01:40:02,2018-01-03 04:50:18,CANCEL
93821,162348,1100872143,2017-08-30 15:30:33,2017-08-30 15:31:55,CANCEL
93822,162348,1100872143,2017-08-30 15:30:33,2017-08-30 15:31:55,CANCEL
102982,183622,1100879510,2017-10-01 09:04:48,2017-10-01 09:05:39,CANCEL
103501,184622,1100880033,2017-10-02 18:54:53,2017-10-03 14:25:51,CANCEL
109261,199042,1100819622,2017-10-22 18:43:18,2017-10-22 18:44:50,CANCEL
114021,209362,1100888715,2017-11-06 22:15:08,2017-11-06 22:22:44,CANCEL
113221,207662,1100888054,2017-11-04 20:40:09,2017-11-04 20:41:01,CANCEL
115161,211822,1100889128,2017-11-09 14:15:52,2017-11-11 06:26:39,CANCEL
115841,168022,1100874239,2017-11-11 00:11:22,2017-11-11 12:13:12,CANCEL
119341,2082,1100500779,2017-11-13 15:08:39,2017-11-13 15:09:01,CANCEL
119622,214303,1100889533,2017-11-13 22:49:08,2017-11-14 18:38:01,CANCEL
119881,216302,1100890793,2017-11-14 11:46:31,2017-11-14 11:48:18,CANCEL
139961,253082,1100907627,2018-01-03 08:10:29,2018-01-03 15:33:44,CANCEL
87983,150062,1100863367,2017-07-25 15:57:23,2017-08-03 00:48:01,CANCEL
90101,40069,1100517036,2017-08-09 18:44:17,2017-10-10 14:49:55,CANCEL
91801,97822,1100815868,2017-08-22 01:07:11,2017-08-22 01:18:14,CANCEL
94461,55843,1100872596,2017-09-01 13:17:02,2017-09-28 21:11:38,CANCEL
94621,15259,1100749106,2017-09-02 23:29:49,2017-10-08 22:51:17,CANCEL
101541,76424,1100793010,2017-09-27 11:46:38,2017-09-27 11:46:50,CANCEL
102541,55843,1100872596,2017-09-29 19:19:47,2017-09-29 19:24:47,CANCEL
106541,125001,1100524509,2017-10-12 02:39:18,2017-10-20 23:58:49,CANCEL
109761,200862,1100885811,2017-10-25 11:52:47,2017-10-28 17:02:32,CANCEL
120701,210923,1100891363,2017-11-16 17:56:42,2017-11-16 18:08:03,CANCEL
120702,210923,1100891363,2017-11-16 17:56:42,2017-11-16 18:08:03,CANCEL
128843,237362,1100899530,2017-12-08 05:27:52,2017-12-12 06:18:05,CANCEL
132583,241863,1100728537,2017-12-12 23:23:11,2017-12-12 23:26:09,CANCEL
131021,218264,1100474548,2017-12-12 11:01:00,2017-12-12 11:01:18,CANCEL
131381,225062,1100893030,2017-12-12 14:22:37,2017-12-12 14:23:36,CANCEL
133802,243089,1100901574,2017-12-14 20:13:09,2017-12-25 07:32:24,CANCEL
133804,78266,1100889895,2017-12-14 20:13:37,2017-12-14 20:29:09,CANCEL
136361,248302,1100904541,2017-12-24 22:41:24,2017-12-30 15:05:03,CANCEL
92521,157365,1100866085,2017-08-26 13:53:57,2017-08-31 22:16:36,CANCEL
92901,122883,1100838318,2017-08-28 13:02:29,2017-08-28 13:04:22,CANCEL
110822,25717,1100574282,2017-10-30 13:02:45,2017-10-30 13:27:06,CANCEL
112741,183622,1100879510,2017-11-03 13:01:44,2017-11-03 13:02:08,CANCEL
127508,215383,1100889926,2017-12-03 12:32:30,2017-12-03 12:44:49,CANCEL
127522,215383,1100889926,2017-12-03 12:36:33,2017-12-03 12:46:41,CANCEL
141981,256082,1100909386,2018-01-11 16:05:05,2018-01-12 04:25:58,CANCEL
131361,240622,1100900931,2017-12-12 14:15:53,2017-12-12 14:37:13,CANCEL
133821,78266,1100889895,2017-12-14 20:41:24,2017-12-14 20:45:36,CANCEL
116261,213843,1100889438,2017-11-11 09:14:33,2017-11-11 09:15:46,CANCEL
117806,212984,1100889439,2017-11-11 20:00:58,2017-11-12 11:58:44,CANCEL
118166,161882,1100889938,2017-11-11 21:50:52,2017-11-11 22:35:03,CANCEL
127061,95543,1100807221,2017-12-02 18:25:19,2017-12-02 21:12:51,CANCEL
103001,183622,1100879510,2017-10-01 11:02:24,2017-10-01 12:17:20,CANCEL
110981,113303,1100828741,2017-10-30 17:08:03,2017-10-30 17:10:47,CANCEL
111082,40069,1100517036,2017-10-30 21:50:17,2017-10-30 22:07:38,CANCEL
111102,40069,1100517036,2017-10-30 22:08:15,2017-10-30 22:11:51,CANCEL
117162,200842,1100885889,2017-11-11 15:51:45,2017-11-11 21:03:39,CANCEL
118841,216542,1100890273,2017-11-12 17:06:14,2017-11-12 17:44:00,CANCEL
124662,54988,1100895843,2017-11-28 13:48:54,2017-11-30 13:57:39,CANCEL
124661,54988,1100895843,2017-11-28 13:48:54,2017-11-30 13:57:39,CANCEL
132321,241642,1100901130,2017-12-12 21:50:34,2017-12-12 22:03:39,CANCEL
132322,241642,1100901130,2017-12-12 21:50:34,2017-12-12 22:03:39,CANCEL
123941,229582,1100894683,2017-11-25 22:55:57,2017-11-25 23:07:29,CANCEL
125682,221002,1100532735,2017-11-30 16:03:08,2017-12-02 16:10:06,CANCEL
135502,246882,1100903450,2017-12-21 17:40:04,2017-12-23 11:56:41,CANCEL
135621,243089,1100901574,2017-12-21 22:37:32,2017-12-25 07:33:13,CANCEL
83241,140382,1100853390,2017-06-24 13:07:21,2017-11-13 17:54:07,CANCEL
113361,192462,1100883251,2017-11-05 03:24:59,2017-11-07 22:55:43,CANCEL
116841,213822,1100889539,2017-11-11 13:59:24,2017-11-11 14:14:27,CANCEL
124841,2082,1100500779,2017-11-28 15:47:59,2017-11-28 16:00:55,CANCEL
127502,234742,1100897690,2017-12-03 12:02:17,2017-12-03 12:03:01,CANCEL
131282,41523,1100503558,2017-12-12 13:43:30,2017-12-12 13:47:51,CANCEL
131902,240823,1100547623,2017-12-12 18:12:19,2017-12-12 18:19:50,CANCEL
133041,168003,1100869989,2017-12-13 17:18:33,2017-12-13 17:22:11,CANCEL
119601,213263,1100886210,2017-11-13 22:22:18,2017-12-12 10:44:21,CANCEL
128761,237322,1100899466,2017-12-07 19:26:33,2017-12-07 19:40:16,CANCEL
129261,148822,1100899831,2017-12-09 15:26:54,2017-12-10 12:02:04,CANCEL
129681,219303,1100891013,2017-12-10 13:34:57,2017-12-25 21:33:57,CANCEL
133361,242642,1100628531,2017-12-14 09:05:01,2017-12-14 09:22:29,CANCEL
137881,201262,1100531461,2017-12-27 22:08:29,2017-12-27 22:09:29,CANCEL
142281,257283,1100909874,2018-01-13 19:22:58,2018-01-14 23:22:06,CANCEL
102143,178522,1100878728,2017-09-28 21:02:18,2017-11-01 23:21:51,CANCEL
107861,195162,1100883925,2017-10-17 16:28:12,2017-10-17 16:28:28,CANCEL
110882,203844,1100886942,2017-10-30 14:58:20,2017-10-30 15:03:15,CANCEL
112541,206784,1100887732,2017-11-02 21:24:28,2017-11-02 21:41:53,CANCEL
112561,206784,1100887732,2017-11-02 21:37:37,2017-11-02 21:42:08,CANCEL
113381,207662,1100888054,2017-11-05 09:54:13,2017-11-06 14:33:09,CANCEL
115261,23502,1100727490,2017-11-09 15:16:10,2017-11-09 15:24:16,CANCEL
115763,60164,1100777485,2017-11-10 22:18:20,2017-11-11 01:37:00,CANCEL
117828,78266,1100889895,2017-11-11 20:14:18,2017-11-11 20:14:23,CANCEL
117829,78266,1100889895,2017-11-11 20:14:18,2017-11-11 20:14:23,CANCEL
129161,232242,1100833944,2017-12-09 00:37:25,2017-12-09 00:39:49,CANCEL
130561,240322,1100900860,2017-12-12 00:58:03,2017-12-12 22:53:51,CANCEL
130582,168742,1100877211,2017-12-12 01:23:58,2017-12-12 01:28:42,CANCEL
125401,180382,1100896255,2017-11-29 17:46:49,2017-11-29 17:47:21,CANCEL
131502,240942,1100900954,2017-12-12 15:17:23,2017-12-12 15:22:06,CANCEL
82786,58603,1100853329,2017-06-22 00:45:54,2017-06-29 21:05:43,CANCEL
92881,122883,1100838318,2017-08-28 12:48:30,2017-08-28 13:01:23,CANCEL
92902,122883,1100838318,2017-08-28 13:05:06,2017-08-28 13:06:15,CANCEL
107101,192942,1100485431,2017-10-14 22:37:25,2017-10-14 22:42:19,CANCEL
124021,185463,1100889410,2017-11-26 09:48:29,2017-11-26 10:19:31,CANCEL
123821,223122,1100892139,2017-11-25 11:06:48,2017-11-25 11:10:35,CANCEL
127441,8885,1100671948,2017-12-03 11:20:49,2017-12-03 11:21:51,CANCEL
138141,241302,1100901038,2017-12-28 12:56:47,2017-12-29 10:10:50,CANCEL
141501,254023,1100908054,2018-01-08 08:54:38,2018-01-08 09:03:24,CANCEL
85841,146602,1100858658,2017-07-09 11:45:50,2017-07-09 17:39:26,CANCEL
99061,174822,1100876681,2017-09-19 09:02:16,2017-09-19 09:02:59,CANCEL
105983,105544,1100820096,2017-10-10 22:05:36,2017-10-10 22:06:36,CANCEL
120422,209782,1100888739,2017-11-15 23:24:08,2017-11-15 23:32:44,CANCEL
121303,95543,1100807221,2017-11-18 19:26:21,2017-11-18 20:05:20,CANCEL
126221,221343,1100896865,2017-12-01 16:29:15,2017-12-01 16:43:44,CANCEL
126544,95543,1100807221,2017-12-02 06:08:21,2017-12-02 06:11:34,CANCEL
133481,242622,1100901394,2017-12-14 12:16:26,2017-12-14 14:46:53,CANCEL
119901,218742,1100890827,2017-11-14 13:17:33,2017-11-14 13:25:49,CANCEL
133542,242884,1100901453,2017-12-14 15:16:47,2017-12-14 15:47:53,CANCEL
84247,89769,1100807423,2017-06-30 11:51:47,2017-06-30 11:52:36,CANCEL
87702,143384,1100855057,2017-07-22 23:51:46,2017-08-03 15:53:03,CANCEL
95802,76424,1100793010,2017-09-08 15:55:14,2017-09-18 10:45:45,CANCEL
96803,169042,1100850440,2017-09-11 14:54:56,2017-09-11 14:57:25,CANCEL
118501,213263,1100886210,2017-11-11 23:39:53,2017-12-12 10:45:22,CANCEL
119101,215283,1100890548,2017-11-13 01:53:03,2017-11-13 02:12:09,CANCEL
126821,64222,1100780949,2017-12-02 15:16:03,2017-12-08 13:39:57,CANCEL
139641,125982,1100851664,2018-01-02 05:46:36,2018-01-02 05:47:34,CANCEL
100921,179324,1100878280,2017-09-25 17:14:20,2017-09-25 22:50:06,CANCEL
108221,195982,1100884186,2017-10-18 19:13:51,2017-10-18 19:18:24,CANCEL
111642,200062,1100887357,2017-10-31 19:46:38,2017-11-01 20:41:40,CANCEL
120381,216922,1100891224,2017-11-15 21:00:24,2017-11-15 21:12:13,CANCEL
127361,234322,1100896446,2017-12-03 00:19:02,2017-12-03 00:22:50,CANCEL
130504,240223,1100900855,2017-12-12 00:11:03,2017-12-12 00:12:09,CANCEL
119861,216302,1100890793,2017-11-14 11:14:48,2017-11-14 11:17:03,CANCEL
120761,213263,1100886210,2017-11-16 22:30:36,2017-12-12 10:49:12,CANCEL
121841,136843,1100638719,2017-11-20 04:49:47,2017-11-20 07:27:02,CANCEL
121961,140382,1100853390,2017-11-20 10:39:31,2017-11-20 10:44:06,CANCEL
126581,156666,1100894489,2017-12-02 10:05:37,2017-12-02 10:07:38,CANCEL
127561,8885,1100671948,2017-12-03 13:20:20,2017-12-03 15:25:44,CANCEL
134284,25921,1100884894,2017-12-17 07:23:21,2017-12-17 07:26:00,CANCEL
94202,162944,1100871926,2017-08-31 18:18:49,2017-08-31 18:22:30,CANCEL
94901,163323,1100873435,2017-09-04 13:34:55,2017-09-04 13:37:14,CANCEL
106861,167622,1100544527,2017-10-13 15:02:06,2017-10-17 16:03:43,CANCEL
109281,196722,1100519462,2017-10-22 22:06:38,2017-10-22 22:08:24,CANCEL
110382,76104,1100792762,2017-10-28 10:58:38,2017-10-30 00:05:25,CANCEL
118204,213683,1100542815,2017-11-11 22:14:41,2017-11-11 22:21:37,CANCEL
118602,78266,1100889895,2017-11-11 23:55:12,2017-11-12 00:39:17,CANCEL
121901,140382,1100853390,2017-11-20 10:10:24,2017-11-20 10:44:20,CANCEL
127461,215383,1100889926,2017-12-03 11:32:27,2017-12-03 11:39:17,CANCEL
136802,248323,1100904591,2017-12-25 23:49:35,2017-12-26 00:11:46,CANCEL
136823,82114,1100799287,2017-12-26 00:22:01,2017-12-26 08:44:54,CANCEL
138341,250682,1100905574,2017-12-28 18:46:42,2017-12-28 19:35:14,CANCEL
85081,146442,1100858709,2017-07-04 23:50:32,2017-07-05 02:17:52,CANCEL
93541,162043,1100594796,2017-08-29 22:17:52,2017-08-30 11:06:45,CANCEL
99943,176782,1100877238,2017-09-22 15:29:09,2017-09-22 15:30:43,CANCEL
100001,176802,1100877288,2017-09-22 16:30:58,2017-09-22 16:39:48,CANCEL
100081,159444,1100877385,2017-09-22 21:29:21,2017-11-11 09:25:08,CANCEL
106842,167622,1100544527,2017-10-13 14:43:11,2017-10-17 16:03:32,CANCEL
111382,203846,1100887200,2017-10-31 11:48:47,2017-10-31 11:53:14,CANCEL
115721,187362,1100880881,2017-11-10 20:39:09,2017-11-11 04:27:42,CANCEL
122481,218264,1100474548,2017-11-20 23:29:28,2017-11-20 23:32:47,CANCEL
122482,218264,1100474548,2017-11-20 23:29:28,2017-11-20 23:32:47,CANCEL
126521,95543,1100807221,2017-12-02 05:39:31,2017-12-02 06:11:12,CANCEL
126522,95543,1100807221,2017-12-02 05:39:31,2017-12-02 06:11:12,CANCEL
127603,6291,1100469590,2017-12-03 14:52:46,2017-12-03 14:53:36,CANCEL
129461,234982,1100898357,2017-12-09 22:08:06,2017-12-09 23:10:39,CANCEL
129462,234982,1100898357,2017-12-09 22:08:06,2017-12-09 23:10:39,CANCEL
134041,243342,1100901616,2017-12-15 13:22:30,2017-12-15 14:12:47,CANCEL
136621,248763,1100904685,2017-12-25 15:19:27,2017-12-28 09:26:26,CANCEL
120003,217262,1100890961,2017-11-14 19:01:48,2017-11-21 10:56:14,CANCEL
120101,219303,1100891013,2017-11-14 21:55:28,2017-12-08 15:30:33,CANCEL
127181,95543,1100807221,2017-12-02 21:19:21,2017-12-02 21:22:17,CANCEL
133541,242884,1100901453,2017-12-14 15:12:45,2017-12-14 15:13:17,CANCEL
134281,25921,1100884894,2017-12-17 07:18:11,2017-12-17 07:26:00,CANCEL
139981,46486,1100907630,2018-01-03 11:26:36,2018-01-03 11:30:11,CANCEL
84271,22902,1100726706,2017-06-30 14:11:12,2017-06-30 14:17:17,CANCEL
84328,139643,1100854815,2017-06-30 16:49:50,2017-06-30 16:52:08,CANCEL
84421,59622,1100857733,2017-06-30 23:45:45,2017-06-30 23:46:36,CANCEL
84869,25163,1100794390,2017-07-04 11:55:51,2017-11-03 16:02:41,CANCEL
89221,21515,1100725049,2017-08-04 13:18:45,2017-08-04 13:31:40,CANCEL
96621,122883,1100838318,2017-09-10 15:36:43,2017-09-10 15:39:01,CANCEL
111741,181603,1100887419,2017-10-31 21:36:11,2017-11-11 01:05:03,CANCEL
117121,114682,1100889641,2017-11-11 15:42:42,2017-11-11 16:06:24,CANCEL
125042,213263,1100886210,2017-11-28 21:40:15,2017-12-12 10:43:40,CANCEL
127261,95544,1100813722,2017-12-02 21:38:28,2017-12-02 21:39:41,CANCEL
127801,95543,1100807221,2017-12-03 20:31:09,2017-12-11 20:26:47,CANCEL
128101,233762,1100897070,2017-12-04 15:33:59,2017-12-05 18:22:23,CANCEL
135562,244922,1100902667,2017-12-21 20:07:20,2017-12-22 14:59:33,CANCEL
136741,219303,1100891013,2017-12-25 21:29:05,2017-12-25 21:33:14,CANCEL
84261,140382,1100853390,2017-06-30 12:57:12,2017-11-13 17:54:00,CANCEL
84264,140382,1100853390,2017-06-30 13:24:29,2017-11-13 17:53:44,CANCEL
84269,140483,1100854274,2017-06-30 13:53:21,2017-06-30 14:55:21,CANCEL
97823,170982,1100875582,2017-09-15 07:56:40,2017-09-15 07:59:26,CANCEL
109542,2082,1100500779,2017-10-24 10:37:11,2017-10-24 10:51:45,CANCEL
111161,94605,1100667148,2017-10-31 00:24:48,2017-10-31 00:37:56,CANCEL
115642,197902,1100884598,2017-11-10 17:46:57,2017-11-14 18:50:25,CANCEL
115921,60164,1100777485,2017-11-11 01:36:08,2017-11-11 21:20:55,CANCEL
133641,82160,1100850315,2017-12-14 16:17:01,2017-12-14 18:46:52,CANCEL
137221,249483,1100904996,2017-12-26 17:52:56,2017-12-27 21:44:39,CANCEL
138462,248323,1100904591,2017-12-28 21:14:31,2017-12-28 21:22:49,CANCEL
138463,248323,1100904591,2017-12-28 21:14:31,2017-12-28 21:22:49,CANCEL
84015,138024,1100851501,2017-06-28 23:29:28,2017-06-29 00:03:20,CANCEL
85331,27304,1100858785,2017-07-06 15:18:27,2017-11-30 18:58:27,CANCEL
87822,151909,1100863091,2017-07-24 00:17:04,2017-07-24 00:24:23,CANCEL
93761,162043,1100594796,2017-08-30 12:52:45,2017-08-30 12:53:07,CANCEL
95701,166222,1100819056,2017-09-08 10:54:22,2017-09-08 10:54:58,CANCEL
95702,166222,1100819056,2017-09-08 10:54:22,2017-09-08 10:54:58,CANCEL
101981,181682,1100878743,2017-09-28 11:32:07,2017-09-28 11:32:16,CANCEL
117822,214663,1100889678,2017-11-11 20:05:11,2017-11-11 20:28:48,CANCEL
118165,215363,1100889918,2017-11-11 21:50:16,2017-11-11 22:05:35,CANCEL
123981,185463,1100889410,2017-11-26 09:18:02,2017-11-26 09:34:56,CANCEL
120921,221682,1100827798,2017-11-17 15:00:42,2017-11-17 15:01:12,CANCEL
122381,218264,1100474548,2017-11-20 22:36:27,2017-11-20 22:38:07,CANCEL
124641,54988,1100895843,2017-11-28 13:36:23,2017-11-30 13:59:34,CANCEL
126525,233502,1100897062,2017-12-02 05:44:51,2017-12-02 05:49:59,CANCEL
127941,234982,1100898357,2017-12-03 22:16:24,2017-12-03 22:19:33,CANCEL
133781,243062,1100901561,2017-12-14 19:41:52,2017-12-14 19:42:37,CANCEL
140002,46486,1100907630,2018-01-03 11:46:36,2018-01-03 12:42:19,CANCEL
84335,22902,1100726706,2017-06-30 17:55:34,2017-06-30 17:56:12,CANCEL
84387,145462,1100857729,2017-06-30 22:36:51,2017-06-30 22:39:16,CANCEL
85301,147243,1100858889,2017-07-06 12:52:42,2017-07-06 14:31:49,CANCEL
85302,147243,1100858889,2017-07-06 12:52:42,2017-07-06 14:31:49,CANCEL
94242,162984,1100872514,2017-08-31 19:28:23,2017-09-25 09:25:32,CANCEL
117345,122883,1100838318,2017-11-11 16:53:46,2017-11-30 16:53:37,CANCEL
118421,215782,1100889969,2017-11-11 23:29:52,2017-11-11 23:31:47,CANCEL
122961,183102,1100893273,2017-11-21 21:36:15,2017-11-28 13:46:25,CANCEL
129921,122883,1100838318,2017-12-11 11:10:53,2017-12-11 11:24:18,CANCEL
129922,122883,1100838318,2017-12-11 11:10:53,2017-12-11 11:24:18,CANCEL
133083,89886,1100807633,2017-12-13 20:34:15,2017-12-13 20:37:17,CANCEL
135581,243963,1100902092,2017-12-21 21:04:38,2018-01-17 10:39:55,CANCEL
140581,215283,1100890548,2018-01-04 17:27:27,2018-01-04 17:53:31,CANCEL
141721,255922,1100730703,2018-01-09 16:37:34,2018-01-09 16:38:28,CANCEL
86662,63303,1100599312,2017-07-14 17:45:00,2017-07-19 17:22:42,CANCEL
86663,63303,1100599312,2017-07-14 17:45:00,2017-07-19 17:22:42,CANCEL
93801,162348,1100872143,2017-08-30 14:11:00,2017-08-30 15:28:47,CANCEL
94301,63042,1100779786,2017-08-31 22:27:08,2017-09-07 20:18:02,CANCEL
94781,164563,1100873357,2017-09-03 19:50:10,2017-09-03 20:14:42,CANCEL
96141,168022,1100874239,2017-09-09 11:51:39,2017-11-11 00:12:40,CANCEL
96142,168022,1100874239,2017-09-09 11:55:56,2017-11-11 00:12:34,CANCEL
96283,94267,1100737077,2017-09-09 18:23:03,2017-09-09 18:26:02,CANCEL
102141,55843,1100872596,2017-09-28 20:49:19,2017-09-28 21:11:23,CANCEL
103883,171002,1100880147,2017-10-03 19:06:39,2017-10-04 09:16:01,CANCEL
129361,192382,1100899848,2017-12-09 16:52:33,2017-12-09 18:56:40,CANCEL
124961,156666,1100894489,2017-11-28 18:43:04,2017-11-28 18:43:43,CANCEL
126523,95543,1100807221,2017-12-02 05:42:02,2017-12-02 06:11:12,CANCEL
126524,95543,1100807221,2017-12-02 05:40:09,2017-12-02 06:11:12,CANCEL
127021,95543,1100807221,2017-12-02 18:00:10,2017-12-02 18:08:32,CANCEL
128801,225023,1100893021,2017-12-07 23:43:12,2017-12-07 23:46:27,CANCEL
129381,192382,1100899848,2017-12-09 18:36:20,2017-12-09 18:55:11,CANCEL
129382,192382,1100899848,2017-12-09 18:36:20,2017-12-09 18:55:11,CANCEL
131883,241302,1100901038,2017-12-12 18:03:24,2017-12-29 10:10:58,CANCEL
134401,49006,1100765066,2017-12-17 17:57:58,2017-12-17 18:01:19,CANCEL
135541,243089,1100901574,2017-12-21 19:34:32,2017-12-25 07:32:55,CANCEL
137841,201262,1100531461,2017-12-27 21:52:10,2017-12-27 22:06:19,CANCEL
140882,237962,1100589946,2018-01-05 17:13:58,2018-01-06 09:06:11,CANCEL
140964,254203,1100908185,2018-01-05 23:24:58,2018-01-05 23:29:40,CANCEL
140965,254203,1100908185,2018-01-05 23:24:58,2018-01-05 23:29:40,CANCEL
127001,95543,1100807221,2017-12-02 17:50:17,2017-12-02 17:52:56,CANCEL
127121,231762,1100896006,2017-12-02 19:07:28,2017-12-11 21:27:42,CANCEL
129463,234982,1100898357,2017-12-09 22:14:53,2017-12-09 23:10:26,CANCEL
129464,234982,1100898357,2017-12-09 22:14:53,2017-12-09 23:10:27,CANCEL
129661,148822,1100899831,2017-12-10 12:14:40,2017-12-10 17:07:51,CANCEL
129662,148822,1100899831,2017-12-10 12:14:40,2017-12-10 17:07:51,CANCEL
131042,233483,1100900877,2017-12-12 11:14:43,2017-12-12 11:18:04,CANCEL
132521,168742,1100877211,2017-12-12 22:52:43,2017-12-12 23:37:39,CANCEL
133482,242622,1100901394,2017-12-14 12:14:06,2017-12-14 14:46:53,CANCEL
135501,246882,1100903450,2017-12-21 17:40:56,2017-12-23 11:56:27,CANCEL
85001,146602,1100858658,2017-07-04 20:08:35,2017-07-05 17:03:10,CANCEL
85703,136663,1100599056,2017-07-08 19:39:27,2017-08-15 13:24:56,CANCEL
101062,179542,1100878362,2017-09-25 21:55:07,2017-09-25 22:03:41,CANCEL
102301,182022,1100872445,2017-09-29 10:11:07,2017-09-29 10:24:43,CANCEL
111081,204482,1100887162,2017-10-30 21:41:05,2017-11-03 22:04:15,CANCEL
116861,168022,1100874239,2017-11-11 14:08:10,2017-11-11 18:08:23,CANCEL
117821,212984,1100889439,2017-11-11 20:04:15,2017-11-12 12:00:03,CANCEL
117983,214222,1100535619,2017-11-11 21:05:12,2017-11-11 21:06:20,CANCEL
118881,216682,1100561862,2017-11-12 19:48:55,2017-11-12 20:38:32,CANCEL
118941,216602,1100890465,2017-11-12 20:02:04,2017-11-13 10:26:03,CANCEL
124081,27403,1100841213,2017-11-26 11:31:33,2017-11-26 11:43:47,CANCEL
126441,233502,1100897062,2017-12-01 22:37:48,2017-12-01 22:41:34,CANCEL
126801,233502,1100897062,2017-12-02 14:40:03,2017-12-06 08:41:44,CANCEL
127041,95543,1100807221,2017-12-02 18:05:50,2017-12-02 18:10:30,CANCEL
127241,95544,1100813722,2017-12-02 21:37:57,2017-12-02 21:42:19,CANCEL
130501,135479,1100816460,2017-12-12 00:03:40,2017-12-12 00:11:14,CANCEL
131023,218264,1100474548,2017-12-12 11:02:32,2017-12-25 13:34:04,CANCEL
131024,218264,1100474548,2017-12-12 11:02:56,2017-12-25 13:34:05,CANCEL
131321,225062,1100893030,2017-12-12 13:54:53,2017-12-12 13:57:01,CANCEL
127221,95544,1100813722,2017-12-02 21:30:38,2017-12-02 21:33:39,CANCEL
127661,234862,1100897978,2017-12-03 15:50:48,2017-12-03 15:58:32,CANCEL
129502,158925,1100633465,2017-12-09 23:12:46,2017-12-10 00:24:22,CANCEL
129521,234982,1100898357,2017-12-09 23:41:33,2017-12-09 23:43:11,CANCEL
129522,234982,1100898357,2017-12-09 23:41:33,2017-12-09 23:43:12,CANCEL
129602,238822,1100900039,2017-12-10 09:06:24,2017-12-10 09:07:01,CANCEL
129603,238822,1100900039,2017-12-10 09:06:24,2017-12-10 09:07:01,CANCEL
130301,218264,1100474548,2017-12-11 19:11:39,2017-12-11 19:12:43,CANCEL
130801,240442,1100900866,2017-12-12 07:52:11,2017-12-12 07:53:04,CANCEL
131041,240543,1100900879,2017-12-12 11:14:17,2017-12-12 11:57:47,CANCEL
133081,89886,1100807633,2017-12-13 20:34:35,2017-12-13 20:34:55,CANCEL
133483,242622,1100901394,2017-12-14 12:16:55,2017-12-14 14:46:53,CANCEL
97501,25202,1100729611,2017-09-13 23:51:04,2017-09-13 23:52:22,CANCEL
97821,170982,1100875582,2017-09-15 07:55:54,2017-09-15 07:59:26,CANCEL
99562,76424,1100793010,2017-09-21 10:43:48,2017-09-22 09:15:33,CANCEL
105121,15259,1100749106,2017-10-08 22:55:12,2017-10-13 12:33:00,CANCEL
105681,40069,1100517036,2017-10-10 15:25:35,2017-10-10 15:28:18,CANCEL
111061,137303,1100887157,2017-10-30 21:12:41,2017-10-30 21:27:34,CANCEL
113261,207662,1100888054,2017-11-04 21:25:24,2017-11-05 11:16:47,CANCEL
114001,209362,1100888715,2017-11-06 22:07:28,2017-11-06 22:08:13,CANCEL
114061,209663,1100888734,2017-11-06 22:27:19,2017-11-06 22:31:12,CANCEL
114081,209663,1100888734,2017-11-06 22:31:49,2017-11-11 15:04:57,CANCEL
127942,234982,1100898357,2017-12-03 22:21:06,2017-12-03 22:35:22,CANCEL
131601,89886,1100807633,2017-12-12 16:09:20,2017-12-12 16:12:09,CANCEL
132461,82232,1100799494,2017-12-12 22:36:18,2018-01-12 22:13:03,CANCEL
106021,190202,1100882269,2017-10-10 22:30:32,2017-10-10 22:31:59,CANCEL
114981,211142,1100889043,2017-11-08 19:20:14,2017-11-08 19:24:11,CANCEL
125861,93165,1100809562,2017-11-30 21:02:52,2017-12-12 08:08:12,CANCEL
126961,95543,1100807221,2017-12-02 17:43:36,2017-12-02 17:51:16,CANCEL
131421,125005,1100840745,2017-12-12 14:47:48,2017-12-12 14:52:37,CANCEL
131441,125005,1100840745,2017-12-12 14:56:32,2017-12-12 14:59:31,CANCEL
133782,243062,1100901561,2017-12-14 19:45:52,2017-12-14 19:48:40,CANCEL
135001,245743,1100903101,2017-12-19 22:01:35,2018-01-08 16:38:57,CANCEL
135181,246202,1100903257,2017-12-20 18:29:41,2017-12-20 18:35:32,CANCEL
135262,246322,1100736299,2017-12-20 23:27:37,2017-12-20 23:36:14,CANCEL
135641,54945,1100903533,2017-12-21 23:23:22,2017-12-21 23:25:33,CANCEL
136801,248323,1100904591,2017-12-25 23:39:18,2017-12-26 00:20:49,CANCEL
137501,249844,1100905105,2017-12-27 10:39:14,2017-12-27 10:43:11,CANCEL
87862,2723,1100566885,2017-07-24 11:55:39,2017-07-24 11:57:58,CANCEL
91061,153209,1100865138,2017-08-16 13:26:31,2017-10-02 16:02:36,CANCEL
100861,179182,1100878244,2017-09-25 14:14:28,2017-09-25 14:21:05,CANCEL
103141,136631,1100850235,2017-10-02 08:45:03,2017-12-12 19:26:28,CANCEL
108501,188682,1100884223,2017-10-19 13:09:15,2017-10-19 13:31:15,CANCEL
115941,63042,1100779786,2017-11-11 01:48:30,2017-11-11 01:50:56,CANCEL
117422,168022,1100874239,2017-11-11 17:26:12,2017-11-11 18:09:40,CANCEL
128401,233762,1100897070,2017-12-05 18:25:05,2017-12-06 13:36:16,CANCEL
129221,216322,1100899782,2017-12-09 14:31:55,2017-12-09 14:40:04,CANCEL
130441,240182,1100900617,2017-12-11 22:46:04,2017-12-11 22:47:25,CANCEL
133382,242642,1100628531,2017-12-14 09:48:11,2017-12-14 09:51:27,CANCEL
138181,250463,1100905380,2017-12-28 13:21:31,2017-12-28 13:35:11,CANCEL
84283,140382,1100853390,2017-06-30 14:50:36,2017-11-13 17:53:07,CANCEL
92204,76424,1100793010,2017-08-24 15:27:24,2017-08-24 15:31:53,CANCEL
96781,169042,1100850440,2017-09-11 14:39:14,2017-09-11 14:54:15,CANCEL
104541,187342,1100880880,2017-10-07 11:33:32,2017-10-07 11:38:48,CANCEL
107181,193323,1100883254,2017-10-15 10:03:00,2017-10-15 10:03:21,CANCEL
111461,204962,1100583415,2017-10-31 14:59:46,2017-10-31 15:00:21,CANCEL
118163,161882,1100889938,2017-11-11 21:45:34,2017-11-11 21:48:24,CANCEL
123802,223122,1100892139,2017-11-25 10:58:05,2017-11-25 11:08:53,CANCEL
126701,95543,1100807221,2017-12-02 11:42:24,2017-12-02 11:47:04,CANCEL
136541,218264,1100474548,2017-12-25 13:34:20,2017-12-25 13:36:15,CANCEL
142141,248323,1100904591,2018-01-12 23:09:16,2018-01-13 00:07:10,CANCEL
138721,97822,1100815868,2017-12-29 12:39:21,2017-12-29 23:02:21,CANCEL
84981,146602,1100858658,2017-07-04 18:16:40,2017-07-04 19:35:48,CANCEL
90521,152430,1100864247,2017-08-12 15:07:04,2017-08-12 15:07:40,CANCEL
103481,184542,1100880010,2017-10-02 18:18:11,2017-10-02 23:58:32,CANCEL
113021,204482,1100887162,2017-11-03 22:01:25,2017-11-03 22:04:26,CANCEL
113501,208082,1100888175,2017-11-05 18:08:14,2017-11-05 18:37:00,CANCEL
116182,212922,1100714989,2017-11-11 08:02:55,2017-11-11 08:03:30,CANCEL
116301,212984,1100889439,2017-11-11 09:32:44,2017-11-11 19:58:36,CANCEL
117242,214722,1100804833,2017-11-11 16:23:08,2017-11-11 16:40:36,CANCEL
126981,95543,1100807221,2017-12-02 17:45:51,2017-12-02 17:51:03,CANCEL
127802,234982,1100898357,2017-12-03 20:32:49,2017-12-03 21:16:23,CANCEL
129201,216322,1100899782,2017-12-09 14:03:30,2017-12-09 14:26:23,CANCEL
130981,240544,1100746701,2017-12-12 10:14:21,2017-12-12 16:55:03,CANCEL
133462,242722,1100901391,2017-12-14 11:51:44,2017-12-14 12:02:44,CANCEL
85281,27304,1100858785,2017-07-06 11:07:47,2017-11-30 18:59:51,CANCEL
97401,171003,1100875360,2017-09-13 16:23:13,2017-09-13 16:25:50,CANCEL
100161,177343,1100877414,2017-09-23 11:56:55,2017-09-23 11:57:13,CANCEL
106961,179382,1100878274,2017-10-14 07:46:31,2017-10-14 08:02:24,CANCEL
117945,215064,1100461016,2017-11-11 20:49:35,2017-11-11 20:58:10,CANCEL
121301,95543,1100807221,2017-11-18 19:26:06,2017-11-18 20:05:20,CANCEL
121302,95543,1100807221,2017-11-18 19:26:06,2017-11-18 20:05:20,CANCEL
121941,140382,1100853390,2017-11-20 10:32:41,2017-11-20 10:44:13,CANCEL
122662,225062,1100893030,2017-11-21 05:00:30,2017-11-21 05:02:50,CANCEL
129721,148822,1100899831,2017-12-10 17:06:03,2017-12-10 17:07:58,CANCEL
142823,258483,1100910679,2018-01-17 11:34:04,2018-01-17 11:35:10,CANCEL
110701,203203,1100886579,2017-10-30 06:23:54,2017-11-05 05:55:49,CANCEL
111482,204962,1100583415,2017-10-31 15:07:28,2017-10-31 22:31:36,CANCEL
96102,168022,1100874239,2017-09-09 11:37:44,2017-11-11 00:14:32,CANCEL
109301,196722,1100519462,2017-10-22 22:15:54,2017-10-22 22:31:37,CANCEL
120002,217262,1100890961,2017-11-14 18:59:53,2017-11-21 10:56:14,CANCEL
122141,222422,1100496090,2017-11-20 14:01:45,2017-11-20 14:06:08,CANCEL
122142,222422,1100496090,2017-11-20 14:01:45,2017-11-20 14:06:08,CANCEL
125281,231763,1100875483,2017-11-29 12:53:44,2017-12-30 06:46:12,CANCEL
130721,138122,1100851524,2017-12-12 06:02:10,2017-12-12 06:03:10,CANCEL
132101,241502,1100901116,2017-12-12 20:14:35,2017-12-12 20:30:26,CANCEL
132562,168742,1100877211,2017-12-12 23:06:47,2017-12-12 23:56:22,CANCEL
138142,241302,1100901038,2017-12-28 12:58:14,2017-12-29 10:07:40,CANCEL
140181,53328,1100718642,2018-01-03 20:05:57,2018-01-03 20:19:09,CANCEL
89201,42787,1100551873,2017-08-03 21:03:22,2017-08-03 21:04:10,CANCEL
89661,4044,1100518545,2017-08-07 16:23:17,2017-08-07 16:30:16,CANCEL
110321,202142,1100623427,2017-10-27 15:37:13,2017-10-27 15:49:11,CANCEL
130921,138122,1100851524,2017-12-12 09:30:12,2017-12-12 09:33:16,CANCEL
133082,89886,1100807633,2017-12-13 20:33:59,2017-12-13 20:37:17,CANCEL
86401,149102,1100860589,2017-07-13 13:15:27,2017-07-13 16:33:41,CANCEL
88781,93165,1100809562,2017-07-31 23:08:00,2017-11-30 20:32:59,CANCEL
99961,176782,1100877238,2017-09-22 15:57:41,2017-09-22 16:19:18,CANCEL
104761,184782,1100881270,2017-10-07 21:27:24,2017-10-10 19:50:44,CANCEL
114161,149302,1100472325,2017-11-06 22:53:23,2017-11-06 22:54:42,CANCEL
114162,149302,1100472325,2017-11-06 22:53:23,2017-11-06 22:54:42,CANCEL
116822,214144,1100809597,2017-11-11 13:51:00,2017-11-11 14:04:21,CANCEL
122561,225162,1100621110,2017-11-21 00:31:41,2017-11-21 00:42:12,CANCEL
126621,233762,1100897070,2017-12-02 10:43:48,2017-12-02 10:44:59,CANCEL
127321,234322,1100896446,2017-12-02 23:57:35,2017-12-03 00:04:25,CANCEL
128221,158925,1100633465,2017-12-04 21:49:54,2017-12-05 08:24:13,CANCEL
128861,237362,1100899530,2017-12-08 05:35:54,2017-12-12 06:14:50,CANCEL
136781,248484,1100904597,2017-12-25 22:22:36,2018-01-17 17:46:20,CANCEL
84281,140382,1100853390,2017-06-30 14:42:06,2017-11-13 17:53:23,CANCEL
96801,76424,1100793010,2017-09-11 14:51:51,2017-09-18 10:45:56,CANCEL
101481,180843,1100878544,2017-09-27 05:41:40,2017-09-28 12:59:49,CANCEL
116601,214164,1100889489,2017-11-11 12:11:40,2017-11-11 12:21:20,CANCEL
117183,214562,1100345535,2017-11-11 15:56:33,2017-11-11 16:00:17,CANCEL
117301,214703,1100889693,2017-11-11 16:33:10,2017-11-11 16:34:58,CANCEL
117961,215064,1100461016,2017-11-11 20:54:31,2017-11-11 20:58:55,CANCEL
122441,225023,1100893021,2017-11-20 22:53:33,2017-11-20 22:55:02,CANCEL
125002,213263,1100886210,2017-11-28 21:28:59,2017-11-28 21:34:17,CANCEL
138861,251282,1100767460,2017-12-29 18:57:38,2017-12-29 19:12:32,CANCEL
86201,147382,1100860436,2017-07-11 23:05:39,2017-07-12 21:59:49,CANCEL
96143,168022,1100874239,2017-09-09 12:03:00,2017-11-11 00:13:58,CANCEL
98321,170982,1100875582,2017-09-16 21:53:04,2017-09-16 22:30:31,CANCEL
101661,181203,1100878634,2017-09-27 15:50:20,2017-09-27 16:01:22,CANCEL
109961,200842,1100885889,2017-10-25 16:51:15,2017-11-11 21:19:58,CANCEL
113882,209362,1100888715,2017-11-06 20:17:59,2017-11-06 20:18:08,CANCEL
119521,42798,1100890730,2017-11-13 19:32:00,2017-11-13 21:59:24,CANCEL
143361,258843,1100911107,2018-01-20 08:54:18,2018-01-20 08:58:27,CANCEL
109221,198882,1100885049,2017-10-22 17:08:12,2017-10-24 15:14:12,CANCEL
116323,202142,1100623427,2017-11-11 09:36:49,2017-11-11 09:40:54,CANCEL
121482,216302,1100890793,2017-11-19 12:29:36,2017-11-19 13:48:13,CANCEL
126342,232922,1100878142,2017-12-01 19:15:23,2017-12-01 19:16:14,CANCEL
130503,135479,1100816460,2017-12-12 00:09:21,2017-12-12 00:10:00,CANCEL
89563,154215,1100866710,2017-08-06 21:31:29,2017-08-13 12:09:38,CANCEL
92961,159602,1100871746,2017-08-28 16:45:51,2017-08-29 17:51:00,CANCEL
95201,143726,1100861523,2017-09-06 05:28:37,2017-09-06 18:30:09,CANCEL
109161,100684,1100817971,2017-10-22 14:50:03,2017-10-22 16:00:04,CANCEL
109162,100684,1100817971,2017-10-22 14:50:03,2017-10-22 16:00:04,CANCEL
109781,200423,1100885804,2017-10-25 12:25:10,2017-10-25 12:27:40,CANCEL
110541,203203,1100886579,2017-10-29 12:26:46,2017-11-05 05:55:30,CANCEL
114841,210783,1100888910,2017-11-08 12:55:44,2017-11-08 12:56:04,CANCEL
130361,93165,1100809562,2017-12-11 21:10:42,2017-12-12 08:11:09,CANCEL
135822,247245,1100903659,2017-12-22 17:15:29,2017-12-22 17:33:43,CANCEL
83081,143483,1100855267,2017-06-23 10:49:53,2017-06-23 10:56:09,CANCEL
100222,176602,1100877243,2017-09-23 13:19:00,2017-09-27 02:30:16,CANCEL
108321,188682,1100884223,2017-10-18 21:52:43,2017-10-18 23:29:19,CANCEL
113881,209362,1100888715,2017-11-06 20:15:42,2017-11-06 20:17:44,CANCEL
118103,136663,1100599056,2017-11-11 21:33:46,2017-11-11 21:35:21,CANCEL
118161,215363,1100889918,2017-11-11 21:46:18,2017-11-11 22:03:51,CANCEL
119121,158925,1100633465,2017-11-13 05:37:50,2017-12-02 06:05:45,CANCEL
136641,248323,1100904591,2017-12-25 17:13:14,2017-12-25 22:52:03,CANCEL
136642,248323,1100904591,2017-12-25 17:13:14,2017-12-25 22:52:03,CANCEL
140821,254023,1100908054,2018-01-05 13:52:01,2018-01-05 13:54:05,CANCEL
140822,254023,1100908054,2018-01-05 13:52:01,2018-01-05 13:54:05,CANCEL
84325,131565,1100587112,2017-06-30 16:37:13,2017-06-30 16:38:18,CANCEL
84481,145643,1100857914,2017-07-01 17:38:48,2017-07-01 17:47:38,CANCEL
87861,2723,1100566885,2017-07-24 11:49:43,2017-07-24 11:57:49,CANCEL
99802,159503,1100872311,2017-09-22 09:59:26,2017-09-22 10:01:20,CANCEL
111541,205022,1100887305,2017-10-31 16:58:19,2017-10-31 17:04:03,CANCEL
143362,258843,1100911107,2018-01-20 09:14:00,2018-01-20 09:14:22,CANCEL
82788,58603,1100853329,2017-06-22 01:04:05,2017-06-22 01:05:26,CANCEL
88663,93642,1100811707,2017-07-30 19:48:02,2017-07-30 21:58:17,CANCEL
94941,165062,1100834003,2017-09-04 15:47:25,2017-09-04 15:48:49,CANCEL
108481,188682,1100884223,2017-10-19 13:02:36,2017-10-19 13:33:10,CANCEL
108482,188682,1100884223,2017-10-19 13:02:36,2017-10-19 13:33:10,CANCEL
117847,215182,1100413980,2017-11-11 20:28:05,2017-11-11 20:31:16,CANCEL
126681,95543,1100807221,2017-12-02 11:40:55,2017-12-02 11:45:30,CANCEL
127201,234262,1100897628,2017-12-02 21:23:59,2017-12-02 21:27:08,CANCEL
95804,76424,1100793010,2017-09-08 15:57:43,2017-09-18 10:45:50,CANCEL
96163,15259,1100749106,2017-09-09 13:29:33,2017-10-08 22:51:11,CANCEL
99941,176782,1100877238,2017-09-22 15:24:14,2017-09-22 15:27:40,CANCEL
102881,76065,1100687678,2017-10-01 00:27:38,2017-10-01 00:37:47,CANCEL
102901,76065,1100687678,2017-10-01 00:33:12,2017-10-01 00:37:02,CANCEL
113181,207662,1100888054,2017-11-04 17:28:26,2017-11-04 20:41:30,CANCEL
113323,192462,1100883251,2017-11-04 22:46:03,2017-11-07 22:56:33,CANCEL
114221,63042,1100779786,2017-11-07 01:10:02,2017-11-11 01:51:13,CANCEL
119181,216602,1100890465,2017-11-13 10:32:04,2017-11-13 10:34:50,CANCEL
119182,216602,1100890465,2017-11-13 10:32:04,2017-11-13 10:34:50,CANCEL
120421,209782,1100888739,2017-11-15 23:23:51,2017-11-15 23:32:44,CANCEL
140041,249902,1100905184,2018-01-03 14:21:32,2018-01-05 10:31:39,CANCEL
96742,169042,1100850440,2017-09-11 14:12:59,2017-09-11 14:37:43,CANCEL
102144,178522,1100878728,2017-09-28 21:09:43,2017-11-01 23:21:58,CANCEL
108241,196022,1100884195,2017-10-18 19:40:48,2017-10-18 19:55:02,CANCEL
111462,204962,1100583415,2017-10-31 15:02:25,2017-10-31 15:08:22,CANCEL
116662,135465,1100649588,2017-11-11 12:51:06,2017-11-11 12:52:08,CANCEL
117062,93165,1100809562,2017-11-11 15:30:05,2017-11-30 20:32:48,CANCEL
117824,215183,1100889891,2017-11-11 20:09:35,2017-11-11 20:12:48,CANCEL
126461,158925,1100633465,2017-12-02 02:08:21,2017-12-02 06:08:17,CANCEL
126501,158925,1100633465,2017-12-02 02:51:07,2017-12-02 06:09:36,CANCEL
126622,233762,1100897070,2017-12-02 10:45:27,2017-12-04 14:44:27,CANCEL
126721,95543,1100807221,2017-12-02 12:45:22,2017-12-02 12:51:46,CANCEL
127341,234322,1100896446,2017-12-03 00:07:49,2017-12-03 00:21:26,CANCEL
127601,6291,1100469590,2017-12-03 14:51:06,2017-12-03 14:56:08,CANCEL
127602,6291,1100469590,2017-12-03 14:53:10,2017-12-03 14:56:24,CANCEL
128041,231762,1100896006,2017-12-03 22:52:35,2017-12-03 22:58:06,CANCEL
128841,237362,1100899530,2017-12-08 05:19:49,2017-12-08 05:25:23,CANCEL
130321,136631,1100850235,2017-12-11 20:42:33,2017-12-12 19:23:36,CANCEL
94201,162944,1100871926,2017-08-31 18:09:22,2017-08-31 18:10:52,CANCEL
98242,170982,1100875582,2017-09-16 19:48:35,2017-09-16 19:56:09,CANCEL
99643,89733,1100806905,2017-09-21 18:03:10,2017-09-21 18:34:38,CANCEL
107261,193542,1100883345,2017-10-15 14:24:54,2017-10-15 14:29:51,CANCEL
111722,181603,1100887419,2017-10-31 21:27:13,2017-11-11 01:06:22,CANCEL
116863,214345,1100889550,2017-11-11 14:09:51,2017-11-11 14:19:45,CANCEL
117661,215004,1100889844,2017-11-11 18:59:44,2017-11-11 23:03:51,CANCEL
118223,215363,1100889918,2017-11-11 22:29:37,2017-11-11 22:39:26,CANCEL
120781,213263,1100886210,2017-11-16 22:34:06,2017-12-12 10:47:17,CANCEL
120901,221482,1100891490,2017-11-17 13:01:04,2017-11-17 13:02:33,CANCEL
124921,79783,1100799500,2017-11-28 17:34:51,2017-11-29 07:54:16,CANCEL
125041,213263,1100886210,2017-11-28 21:37:37,2017-11-28 21:37:57,CANCEL
85601,147802,1100859169,2017-07-08 09:41:14,2017-07-08 09:42:51,CANCEL
91401,28702,1100732913,2017-08-19 07:15:10,2017-08-21 12:30:49,CANCEL
91422,157462,1100869336,2017-08-19 09:57:51,2017-08-19 10:08:04,CANCEL
91423,157462,1100869336,2017-08-19 09:57:51,2017-08-19 10:08:04,CANCEL
93341,122883,1100838318,2017-08-29 11:32:56,2017-08-29 11:33:53,CANCEL
96021,151151,1100862819,2017-09-09 02:04:37,2017-09-09 02:05:50,CANCEL
98641,89733,1100806905,2017-09-18 13:39:54,2017-09-21 18:06:09,CANCEL
98801,174503,1100876594,2017-09-18 18:16:15,2017-09-18 18:24:45,CANCEL
116544,213687,1100889475,2017-11-11 11:53:40,2017-11-11 12:04:43,CANCEL
118224,215022,1100889851,2017-11-11 22:30:25,2017-11-11 22:32:44,CANCEL
120182,219482,1100891020,2017-11-15 10:08:22,2017-11-15 10:09:14,CANCEL
122121,224182,1100892779,2017-11-20 13:16:29,2017-12-01 14:25:00,CANCEL
127422,8885,1100671948,2017-12-03 11:08:39,2017-12-03 11:22:03,CANCEL
127662,234862,1100897978,2017-12-03 15:58:28,2017-12-03 15:58:39,CANCEL
140962,254203,1100908185,2018-01-05 23:10:19,2018-01-05 23:17:31,CANCEL
140963,254203,1100908185,2018-01-05 23:10:19,2018-01-05 23:17:31,CANCEL
84329,139643,1100854815,2017-06-30 17:04:00,2017-06-30 17:13:54,CANCEL
84362,145446,1100714363,2017-06-30 20:13:14,2017-06-30 20:23:05,CANCEL
85161,146602,1100858658,2017-07-05 11:38:51,2017-07-05 11:49:16,CANCEL
85541,131724,1100858903,2017-07-07 20:40:10,2017-07-10 19:25:36,CANCEL
85542,131724,1100858903,2017-07-07 20:40:10,2017-07-10 19:25:36,CANCEL
89081,150062,1100863367,2017-08-03 00:46:42,2017-08-03 00:47:50,CANCEL
89981,154690,1100867089,2017-08-09 12:54:16,2017-08-09 16:08:59,CANCEL
99581,89733,1100806905,2017-09-21 14:24:54,2017-09-21 18:36:08,CANCEL
99582,89733,1100806905,2017-09-21 14:29:17,2017-09-21 18:06:23,CANCEL
102202,180742,1100878916,2017-09-28 22:16:05,2017-09-29 00:43:54,CANCEL
125422,222682,1100891925,2017-11-29 19:01:23,2017-11-29 19:03:51,CANCEL
127542,234662,1100897692,2017-12-03 13:02:55,2017-12-03 13:05:31,CANCEL
128842,237362,1100899530,2017-12-08 05:22:45,2017-12-08 05:25:24,CANCEL
129321,192382,1100899848,2017-12-09 16:11:23,2017-12-09 16:47:27,CANCEL
84342,22082,1100726073,2017-06-30 19:08:38,2017-06-30 19:22:56,CANCEL
92882,122883,1100838318,2017-08-28 12:55:44,2017-08-28 13:00:57,CANCEL
93061,17517,1100717071,2017-08-28 20:36:33,2017-08-28 20:37:32,CANCEL
99621,89733,1100806905,2017-09-21 15:10:13,2017-09-21 18:36:00,CANCEL
102321,182022,1100872445,2017-09-29 10:39:46,2017-09-29 10:48:21,CANCEL
113081,206762,1100461913,2017-11-04 00:45:46,2017-11-04 01:41:47,CANCEL
114003,209362,1100888715,2017-11-06 22:08:44,2017-11-06 22:09:51,CANCEL
114521,210282,1100888858,2017-11-07 18:40:05,2017-11-07 21:46:58,CANCEL
126541,95543,1100807221,2017-12-02 06:07:56,2017-12-02 06:11:34,CANCEL
126542,95543,1100807221,2017-12-02 06:07:56,2017-12-02 06:11:34,CANCEL
129481,238703,1100900035,2017-12-09 22:58:06,2017-12-11 21:15:19,CANCEL
130422,231762,1100896006,2017-12-11 21:45:18,2017-12-12 21:10:12,CANCEL
130761,89886,1100807633,2017-12-12 07:30:23,2017-12-12 16:09:55,CANCEL
138701,97822,1100815868,2017-12-29 12:18:30,2017-12-29 12:23:03,CANCEL
138702,97822,1100815868,2017-12-29 12:18:30,2017-12-29 12:23:03,CANCEL
140661,252483,1100907623,2018-01-04 21:28:24,2018-01-04 21:29:30,CANCEL
84263,140382,1100853390,2017-06-30 13:20:45,2017-11-13 17:53:53,CANCEL
86861,143726,1100861523,2017-07-16 20:19:36,2017-09-06 11:27:17,CANCEL
95242,165722,1100873770,2017-09-06 13:51:41,2017-09-06 14:08:44,CANCEL
100401,177424,1100877452,2017-09-23 22:38:01,2017-09-24 08:52:00,CANCEL
116881,214345,1100889550,2017-11-11 14:17:10,2017-11-11 14:19:45,CANCEL
124621,183102,1100893273,2017-11-28 13:20:03,2017-11-28 13:44:31,CANCEL
127761,234982,1100898357,2017-12-03 19:48:05,2017-12-03 21:16:22,CANCEL
127981,234982,1100898357,2017-12-03 22:33:43,2017-12-03 22:35:22,CANCEL
129501,158925,1100633465,2017-12-09 23:12:46,2017-12-10 00:24:22,CANCEL
83061,131982,1100851287,2017-06-23 09:36:19,2017-06-24 00:45:21,CANCEL
83121,140383,1100855322,2017-06-23 14:33:37,2017-06-23 14:35:31,CANCEL
88381,152430,1100864247,2017-07-29 10:32:10,2017-07-29 10:34:52,CANCEL
90085,154776,1100861118,2017-08-09 17:05:19,2017-08-09 17:10:16,CANCEL
92181,126642,1100841856,2017-08-24 13:50:10,2017-08-24 13:52:42,CANCEL
92182,126642,1100841856,2017-08-24 13:50:10,2017-08-24 13:52:42,CANCEL
92183,126642,1100841856,2017-08-24 13:50:10,2017-08-24 13:52:42,CANCEL
112521,206784,1100887732,2017-11-02 21:09:47,2017-11-02 21:10:26,CANCEL
119281,216602,1100890465,2017-11-13 13:24:26,2017-11-13 13:25:14,CANCEL
119282,216602,1100890465,2017-11-13 13:24:26,2017-11-13 13:25:14,CANCEL
120183,219482,1100891020,2017-11-15 10:10:13,2017-11-15 10:16:29,CANCEL
120401,171622,1100891230,2017-11-15 21:31:46,2017-11-15 21:32:14,CANCEL
121381,222682,1100891925,2017-11-18 21:48:14,2017-11-18 21:54:43,CANCEL
124101,27403,1100841213,2017-11-26 11:53:57,2017-11-26 11:54:20,CANCEL
84273,22902,1100726706,2017-06-30 14:14:03,2017-06-30 14:17:08,CANCEL
84339,22082,1100726073,2017-06-30 18:10:06,2017-06-30 19:21:40,CANCEL
84340,127784,1100853104,2017-06-30 18:13:18,2017-06-30 18:17:15,CANCEL
84401,59622,1100857733,2017-06-30 23:14:45,2017-06-30 23:39:41,CANCEL
99942,176782,1100877238,2017-09-22 15:28:17,2017-09-22 15:30:48,CANCEL
104781,188002,1100881274,2017-10-07 21:57:02,2017-10-07 22:12:55,CANCEL
111621,200062,1100887357,2017-10-31 19:31:02,2017-11-01 20:42:13,CANCEL
115401,211822,1100889128,2017-11-10 10:43:25,2017-11-11 06:31:44,CANCEL
118241,161882,1100889938,2017-11-11 22:33:15,2017-11-11 22:37:18,CANCEL
124821,231342,1100895889,2017-11-28 15:40:40,2017-11-28 15:41:23,CANCEL
125001,213263,1100886210,2017-11-28 21:17:30,2017-12-12 10:44:05,CANCEL
125541,225062,1100893030,2017-11-30 10:00:52,2017-12-12 14:26:30,CANCEL
84462,136442,1100850059,2017-07-01 15:48:17,2017-07-01 15:53:40,CANCEL
88763,153209,1100865138,2017-07-31 11:36:43,2017-10-02 16:02:27,CANCEL
103701,171002,1100880147,2017-10-03 14:00:42,2017-10-03 18:53:47,CANCEL
117564,214345,1100889550,2017-11-11 18:24:57,2017-11-11 20:21:40,CANCEL
117881,215182,1100413980,2017-11-11 20:32:44,2017-11-11 20:33:26,CANCEL
121403,222682,1100891925,2017-11-18 22:16:21,2017-11-18 22:16:38,CANCEL
123381,219303,1100891013,2017-11-23 00:51:41,2017-12-08 15:30:22,CANCEL
123383,219303,1100891013,2017-11-23 00:54:45,2017-12-08 15:30:06,CANCEL
126181,221343,1100896865,2017-12-01 15:07:28,2017-12-01 16:28:41,CANCEL
83321,134645,1100847847,2017-06-24 20:38:12,2017-06-26 22:24:45,CANCEL
84282,140382,1100853390,2017-06-30 14:43:13,2017-11-13 17:53:15,CANCEL
84344,22082,1100726073,2017-06-30 19:11:27,2017-06-30 19:22:56,CANCEL
85327,147243,1100858889,2017-07-06 14:38:05,2017-07-06 14:38:39,CANCEL
85328,147243,1100858889,2017-07-06 14:38:05,2017-07-06 14:38:39,CANCEL
98241,170982,1100875582,2017-09-16 19:48:19,2017-09-16 19:56:09,CANCEL
98821,174503,1100876594,2017-09-18 18:57:15,2017-09-18 19:00:09,CANCEL
104041,185583,1100753603,2017-10-04 12:36:35,2017-10-04 12:47:39,CANCEL
105421,109928,1100824662,2017-10-09 22:06:15,2017-10-09 22:55:29,CANCEL
107102,192942,1100485431,2017-10-14 22:37:30,2017-10-14 22:42:19,CANCEL
125722,54988,1100895843,2017-11-30 17:51:26,2017-11-30 17:56:32,CANCEL
125723,232762,1100894651,2017-11-30 17:53:19,2017-11-30 17:58:06,CANCEL
126601,233762,1100897070,2017-12-02 10:35:32,2017-12-02 10:42:48,CANCEL
87043,149062,1100861730,2017-07-18 12:28:47,2017-07-18 12:42:54,CANCEL
91042,156748,1100868851,2017-08-16 10:29:16,2017-08-16 10:30:33,CANCEL
91981,158925,1100633465,2017-08-23 01:36:39,2017-12-02 06:03:25,CANCEL
94263,144904,1100857074,2017-08-31 21:14:47,2017-08-31 21:15:19,CANCEL
101022,169603,1100878351,2017-09-25 20:57:26,2017-11-20 11:37:00,CANCEL
101023,169603,1100878351,2017-09-25 20:57:26,2017-11-20 11:37:00,CANCEL
102241,180742,1100878916,2017-09-29 00:20:51,2017-09-29 00:25:18,CANCEL
115821,168022,1100874239,2017-11-11 00:04:11,2017-11-11 00:12:19,CANCEL
115822,213344,1100889415,2017-11-11 00:04:17,2017-11-11 00:16:16,CANCEL
117243,214742,1100886794,2017-11-11 16:24:17,2017-11-11 16:26:13,CANCEL
117501,146602,1100858658,2017-11-11 17:50:15,2017-11-16 20:57:08,CANCEL
138522,47002,1100905651,2017-12-28 22:21:10,2017-12-28 22:32:41,CANCEL
138921,231763,1100875483,2017-12-29 20:43:26,2017-12-30 06:46:24,CANCEL
140001,46486,1100907630,2018-01-03 11:45:29,2018-01-03 12:42:19,CANCEL
83141,143605,1100855348,2017-06-23 15:40:45,2017-06-23 15:41:16,CANCEL
83741,144522,1100856638,2017-06-27 11:56:10,2017-06-27 11:56:44,CANCEL
84004,139643,1100854815,2017-06-28 22:19:17,2017-06-28 22:24:18,CANCEL
84270,140382,1100853390,2017-06-30 14:07:26,2017-11-13 17:55:13,CANCEL
84661,146062,1100858410,2017-07-03 11:40:22,2017-07-03 11:42:46,CANCEL
95561,63042,1100779786,2017-09-07 20:18:31,2017-09-07 20:19:14,CANCEL
97021,169982,1100875140,2017-09-12 01:15:28,2017-09-12 01:16:29,CANCEL
106201,170623,1100875285,2017-10-11 00:57:20,2017-10-11 01:00:50,CANCEL
116921,204802,1100887269,2017-11-11 14:37:49,2017-11-11 14:42:19,CANCEL
117384,214722,1100804833,2017-11-11 17:06:59,2017-11-11 17:15:28,CANCEL
83182,131982,1100851287,2017-06-24 00:49:16,2017-06-24 00:58:45,CANCEL
89302,153946,1100866064,2017-08-05 00:09:17,2017-08-24 22:15:32,CANCEL
95041,165382,1100873576,2017-09-05 00:53:27,2017-09-05 00:55:12,CANCEL
116941,204802,1100887269,2017-11-11 14:37:58,2017-11-11 14:42:11,CANCEL
118168,214662,1100889695,2017-11-11 21:52:50,2017-11-11 21:54:47,CANCEL
118362,215004,1100889844,2017-11-11 23:02:49,2017-11-11 23:03:27,CANCEL
124681,41753,1100752924,2017-11-28 14:10:50,2017-11-28 14:45:56,CANCEL
